Course Information,Average Grade Distribution,Average Distribution Plot,Grade Distributions by Professors,flag,username,timestamp
"ECON 2005 - Principles of Economics (3 Credits)
Average GPA: 3.03
Professors who teach Principles of Economics:
['Nurmukhametov' 'Perdue' 'Spoon' 'Mun' 'Wagnon' 'Sukhee' 'Wooten' 'Gu'
 'Owusu-Brown' 'Bandyopadhyay' 'Liu' 'Tantihkarnchana' 'Bradley']","A: 19.4%, A-: 18.3%, B+: 14.8%, B: 14.4%, B-: 10.3%, C+: 7.02%, C: 5.77%, C-: 3.38%, D+: 1.89%, D: 1.89%, D-: 0.452%, F: 2.36%, ","{""type"": ""matplotlib"", ""plot"": ""data:image/webp;base64,UklGRlxeAABXRUJQVlA4IFBeAADw3AGdASroA+gDPm02mEkkIqKhIZGYwIANiWdu/HdORZ8VTCZv8h/ff3k/t3kDWi7X/cP8F/lv7b+03z1cJ9Sven7j+dv6p+zHyx67+z/Nn8h/Tf+H/lP3d/yH/////3T/zX/h9g36e/2H5qfQD/E/5h/tv7d+9P9++Lz/M+xn93/UF/Yf7j/3/8R+//zP/7r1a/4P/iftZ8AH9j/wf/v9eH2Hv3S///uFful/9fZ//537o/975Sv6z/v/3G/43yQ/sx/8/997gH/u9QD/sdcP1C/vf907mf8z/ifJf8d+hfv/9c/an1+v7nvt9Y/9b0N/jv3a/Tf4P/C/8n4s/wX+f8Bfyz+E/4H+D/IL5Avyb+pf5v80/gB+0/X3uTLU/8z1Avaf6V/oP8J/lv2C+Hr37/VehP8P/jv+H7gH6i/7X/Dfvh/cPav/4fiYflP917AP87/sn/B/wf+W/af6bf6r/4/7D/dfun7aP0j/Pf+3/S/6/5D/5x/Zf+l/jPys+dL///+b4O/vH///dn/dT///+wNOawLKCAVUAQesCyggFVAEHrAsoIBVQBB6wLKCAVUAQesCyggFVAEHrAsoIBVQBB6wLKCAVUAQesCyggFVAEHrAsoIBVQBB6wLKCAVUAQesCyggFVAEHrAsoIBVQBB6wLKCAVUAQesCyggFVAEHrAsoIBVQBB6wLKCAVUAQesCyggFVAEHrAsoIBVQBB6wLKCAVUAQesCyggFVAEHrAsoIBVQBB6wLKCAVUAQesCyggFVAEGiAFs+OcZS2rFPtf0nIZyS5QgzcTP1ZnxctG8L3XfjAyUGPwt1jdTI6/LvSCYysTuAgT8FEghbC8W4YJLGrhBtGULAu/IflcdFOcNPvolaTGiGlYeljZGRfkD4C2XYSg6ttcei1msKWYchudgoBhLpedkZmRZi3R0V+xa0RIDaWCYixOxTRLr67geu6rD5w/cC7Y9wolYjk86KSaGEYIwLXsZcfoZp30uua8ik/yTGLAmTugkHsMJ7uUp1ot1lpjqAwqoAg9YFlBAKqAIPWBErSJ/dBMkrMjMsgd85CeO0jlkDvnITx2nVkeWTmQj3PIYDvnLnerMg9YFlBAKqAIPWBZQQCqgCD1gWUEAqoAg9YFlBAKqAIPWBZQQCqgCD1gWUEAqoAg9YFlBAKqAIPWBZQQCqgCD1gWUEAqoAg9YFlAxIZ0OawLKCAVUAQesCyggFVAEHrAsoIBVQBB6wLI6inunCzIPWBZQQCqgCD1gWUEAqoAg9YFlBAKqAIPWBZG72eZv/fD+vBiIKsIYlcxauBG/N3Sx4enTBceTONRQfICqgCD1gWUEAqoAg9YFlBAKqAIPLFnTZOQEVITNf2lkYvRjwhNiTkZp2ohhhMKiDDYsOawLKCAVUAQesCyggFVAEHrArtmwg7DqWgUdZQQCiMUlHLUOrQJV7x0nstNNHyAqoAg9YFlBAKqAIPWBZQPvgJk3I7+06qAIPV9Am+rBvRRdxIzvbOEfJ4LIYDhAKqAIPWBZQQCqgCD1gWT4OJM4Scvkkc1gWUEAqdb4m/Q3zoXPmoogE11gcmWujmsCyggFVAEHrAsoIBVQAYWEoeh3730fICqgCDX0Vgo9kNS7IZobBUmgc8OVq2ZB6wLKCAVUAQesCyN2YA+cn6SmcpztL8rhVQBB6wIGPj/l7dyGXDhAEtqmTfrdQTKI5rAsoIBVQBB6wLKCAJOSPq5C/RuF6iUMVHzydgoAg02DaNIAQPurKntUgfIH91NazcaiQ2nR9Utr63K5KqAIPWBZQQCqgCD1RdeSVLym9keMz01FDM98KnTjdw/A3nIDGXchfOIzQM/6iHcyyjmJZKe/rK7ZkGhlNwwX6saH7hAKqAIPWBZQQCqgB8w5fHh155kWa07Twfzo53v/2ZkJPsd1Oqhg8wKqAIPVGSdtovO4QCqgCD1gWUEAqoALw7w+QFQBFmsVuNkvv/BUxYc1gV1I+/9nZMg9YFkdQvQaZGr0DCqgCD1gWUEAqn8JUbgnDSD1gcmX8MXDfxX3KAIPLUHFCnNfNYFlBAEOYBWLdziw5rAsoIBVQA+iHxXoLKCILNHNYGGmRdg9OD2ABJ7Mg8pumT4IRYWM3LE3tmEWJ1XDTtmGebF5iVy4UDCqgCD1gWUEATVI0Z14UNf8FYgVUAQfD5gON2LFYlrXnrAgaGb0FOV9A5h2OA87JTD0Hql0uMvK0XZkHrAsoIBVQBBptNu2VD1gWUFCYC4htbWuIial00Bn/kzqfICtAZB6pfSCjOWCqgCD1gWUEAqn8i+SUzLJU+uXQyxI2Hl1uCD2egYi9RttaoeFR6KlPFJukD5AVUAQamQ2BHsyD1gWUEAqoAg001DmaMViz6qFXtgcnOJu1/Vrp/z6P9y2J1M43VpDTWAi8mZVl2ZB6wLI5PBUMtD8IBVQBB6wLKCAJsGa2BVQBB6wLLTnfzLtpbjEgmCdws5nZI5rAsoIBVOdWlcFz0fICqgCD1gWRyV57Mg9YFlBARPFnH8Y/Yp5N0BfdJiVWqqAIPWBZQMc270arlBAKqAIPWBZQMb0G2esoIBVQAYSYKAe8mCbh67VDgBvU2mK6EjbPavLRB2WaR3kmdqzO1ZnasztWZ2rM7VmdqzO1ZnasztWZ2rM7VmdqzO1ZnavEfnMjCqgCD1gWUEAowfjXICqfztNWLs3QBcUEWwAcnwfC73qdEMJLzKYEE2GfNgxT/VGya8gxgbIzLLM0rFJxe54VqSW2++gP+9vpw6KfePijr9rBBfQqQgZGQA+SGp1xcmLY62kimMmpF8qg4KLQQOEIsEtVuG2O4i7uvLAOt6wLKCAVUAQeqVmnuX6rM2t0JcHTEGI23ILiBCSxIOP58DsJM0esPez+Mg6FWuGELBsg9UJYDv+qnrxrb1PhrQGj/B+u30eV3SNvJJeKVXo6Tnp5u5NiQVYKcQac6FKv4Cw2xwE/7HQHkroCRuQAikk1DWf1ZOC0D0MyQ3FRBGdtqgUBe+j5AVUAQesCxG/5NxZ+KHRKwQsUvjrjMSADjH0TPsIYVOt9sMpkFZ1zMHFuZBQfgZ65NzI5xJs57/ZqMH87qLxphb/YatbybQMIoj1aJhD4hb9YMnx4Gab0BXZZxECya8okPLYsThpACalL4CjvsrajlyitvzEaqcgfKrxL3GBhVQBB6wLKBjflBeNKuLx8gKp/CUxBq03BVTDWcf1UbZcndzgx5rg0CL9vRuJTlisBZWI3p56aZcYU52uXADhszfbP68GTutlLNaqc67H4L3cQPb55FWEBsjgBWHNYFlBAKqAINSGtSJ6MKqAIPVQnvaSPvm46TcBYDdOqcmKVtsUNKU1mudw3m2bGZ5dTK0eQh17ug+zSUS/5qhD6jwSGQl4a+S3gmGHIeepzs8OFOdZ0netj6yggFVAEHrAsjlymza0WHEsOFYL/IcvjxCLkyqe0oSwLMr0YEaOm8IkFWavi8+fmlZ1tkltDVfuch3K+Y3Y24Z0RKm1JQaoc3nbNrNifKwLsyD1gWUEAqoAg1D6qbo2s9bMM94NM+e0lXxHLja9FQNTBbcPnCAAq+2HepX66KaNUAYJaMoAbFlNo11sCIoVVv+U6wSRrgiQu9T/R6LL5Par4zDKCAVUAQesCyggCFCizZrUmsCygfdheGKxJnmPr2dHmFVhfk3wwoHKlYl80Cmu9YwjaziSSU6OtuHT1b7WyorVJuo5lMN9a1tiQesCyggFVAEHqk3RKafDQQCqgAwWr1FzQymTnWiJxzEZd5WM3ej2dtiLOQY4mdBN1pzWwOycZdOVY4Zs9TZZwpuQQCqgCD1gWUEAqdRgnzG9eWpdmQaLJ+O4vW2avn6M3+6lqsYGLSYq8+yUG3NeYjrcGFgMX/hFFuaWPAOEMLVsyD1gWUEAqoAg09u9hsxInoZkHqlULYhm6hEgJ2hiPuHEzy2ETFVQo8yA42OJC3cPxvCVBBWaQKy7MKnQPoa6FMvsuFzWgMaokjFhzWBZQQCqgCD1StMzhY+uwSEygorrecYFdfuXlUOfblRGKiB5dFBP5XX+tgiieTtN7awKEkaMZ6yN23ExVg+WGUAQesCyggFVAEHrAwUIQk8iUTvhWBA0X/Waw2uzINSxlbNs7bXliLnMfQr/xQPbRzXR4HNYFlBAKqAIPWBZQQCrLzx+V1KJ/bY7MK1iqPrA5q+jBkWFkcAAgfgUmLZt13XzoeGwuEnLe8aooAg9YFlBAKqAIPWBZQPuduHUjmt9P5vSEaNbIBZbJo+QFWaY6zvmouyCC6tjLPKbMCNAtws2pkEXqEqmj5AVUAQesCyggFVAEHq+fqrmSsVXxJgNfS+UDWsOawIdCs7KfnX1gcq/+PN0zU+i1LH5NhAKVhVQBB6wLKCAVUAQesCyggumYT70xxWfRAFEygCDy37ym6E5dMqvDlTnpcJijmsCyggFVAEHrAsoIBVQBB6wLI/3dTqYxXPO5gIZ5ggl2YZUfjxbJBQtlf8dHy7XUPNQBB6wLKCAVUAQesCyggFVAEHrAsoixSNwk30De9+a3+JcxgjYvVMr9Cvp64knBOG3LQzY14Eh1c1zQxDI4Zt7UUAQesCyggFVAEHrAsoIBVQBB6wLJ8GxJlsr3jFuHco7yGVmvX1dSAIPWBZQQCqgCD1gWUEAqoAg9YFlA/DTFRezDsGBhVQBB6wLKCAVUAQesCyggFVAEHrAsoIBVQBPfo+QFVAEHrAsoIBVQBB6wLKCAVUAQesCyggFVAEHrAsoIBVQBB6wLKCAVUAQesCyggFVAEHrAsoIBVQBB6wLKCAVUAQesCyggFVAEHrAsoIBVQBB6wLKCAVUAQesCyggFVAEHrAsoIBVQBB6wLKCAVUAQesCyggFVAEHrAsoIBVQBB6wLKCAVUAQesCyggFVAEHrAsoIBVQBB6wLKCAVUAQesCyggFVAEHrAsoIBVQBB6wLKCAVUAQesCyggFVAEHrAsoIBVQBB6wLKCAVUAQesCyggFVAEHrAsoIBVQBB6wLKCAVUAQesCyggFVAEHrAsoIBVQBB6wLKCAVUAQesCyggFVAEHrAsoIBVQBB6wLKBgAAD+/9k0AAAAAAAAAAAAAAAAAAAJ3pwheNaODmAskM10nmf+0AM6kp9171fnNga14gk4rYS3s1NhUIX2aNbTEVkqBrXj3ZIHCNfUvqg9fnYueX6/1fByOll6YHXatqtFQaOZZBfngMVf4v38xq/+6bIb4U28lcQTOy/nPGwddNoo1pKPcxK80xmt1pwGCqc8gv18XJPu7FKjpx/ytB/Jk2EL8aSxtmoWsfbVWJUPdY/qUNf8giBrGzMRLHPeLWWzqug5zPfWucmEDVdnI7yyZRNZ3H8tes+zmVpkGSbThGkBU4n80PYX5l0IX4d0KG+Z/XNdgYSRMP1GJr/4L6iDYsRsd6vRZ/XCx2p92yOs0anP3VzhKgno46dxdmnwnSRilOzeZi7vHyAxjuWFoBXhCcaZDrzTxPVFc5arlqNpus7ZVzSzR7QcjmZRxQU2ORh/XGir+Lgs/IAcyXiqzGhULEJi0CfEG6TmeMBfvGsCgaqse6P82yKJbDKb95MzVe9YduuGjPqfn/w1evN61wG8xw0mAmAcp1EFifMki0qeGYpzNmQG4ArIWECo5nEghH5nUnl+LUcKVXxZVFErtXOhZrIWIns/xD1Mldcyu/qXJp1SBc3hMNdTLZsP1BlJmhKRQi46/l7FM99nVJpiUSZj1M72djJf+faVuJnqg7J/naCnk45hOiGBKEJtIAnTGCedk384iXWip6pTI5L6rz8kygP1wkWz9hDejZPkHTXxfJShPRV4qPt/l1LkC8QBfgDkO5xgZdxLq6gLPQuBo9UWRBhGQpVs5m3s8e2xlojcemhhoVRwui7Lpn699ku67PEhQ7LJCFsUxuBkjo+MB/SszdimTTS6du8ecQ8dG6/26P1OwwA7vorD6rKNVT5r/GE92QhifOX2J1JxwZKRIkiJXGO0Mc+hk8J0uDA8OQ8V2wTZOFQfoOPaG45Gq7BW5amRmD10Lj1HY+tq9H8YVdL+k41xK6d5GvVM0kPiZ9yVdRsZR+9gQybv3twQ/XQozC9e/GXx5KAapOfMPOv4KTzN838/N5TC12UBmMqcgDJxr0RhLedxM8QsdJp/Ez5PBTPlBjE9d43qj9B0Tgjvx7lDAzQuwU9WN8uSRik4Ux/pvZiCYZ1cDIekmH7HcJwD4r53/vVbEg+a93TJalkXrJ7ei7wZ1xXohyMR+jEs42HVpMo3NMZvq3pTw++94EW8WBIYJU8p1Fj/6GXa0HxTCCtXuV4ml9IygRP6U82RrnOqxgNGOaIsvXYpzz/bWc93yYQ3LTCfLkWITdPiDbUbcE7McTTYSHAPxQsB6C65SAixaYS72Thf2nMoj/HgWczwCR9NgLZuEXDM2LWOTw+zNyuLh5GQxdpPhBc3GV7B4RVLDTBI6suMPvkN3iwuMB11qzOI7e2zJ/Lp9KvjtbyQrEcDsxqekXaB11otH1WgUiJzqFzghBm5mSzyCyGAFYfhzaVlfhBNgmuDRKDhZkr6wwbbP75O8iOOiXpqNjCY6gs2Dj4H7cNYNgcpSNDZcZlh3x3jV9l4Yizdy+nF6Guz1i5dr4CztAvFi/juA8VxfQpzMZdOKUCNLiz8hn2qnhw4iJ8Vk+DEl64pMi+OgYUjX9vsjy3sON2nJHaJiAlQC7L1mhq7e3gT5irZDyq0icMmQdUpmgzlEFxb0D0RkTiJr5WWRhAjCMrFJB8PUUG7VbHhEQNU4AdNZRqH6OUOaWeBqENPpDHHq26Vuav8gWoTMUp/3duWfZ7Mgxk3aXNX2Xp3PJ+G2//3idU0sxrDVXX74AAlACIlLPhuq61BoS3f30yT97Jg/SniRE1W6TsUr51FsIH4AIAOmuCOySgIP0vxaZPDvMQXYhFYkvFCCgI+g4NdcBlrvYEZJnFVP+D+HhP7zzCa3xI2WwT8dfG00HMU9q70El+Uz5vN+n5fuqU5vBImx+18hnTpAShi4iupfQQWWCUCJ6xKYOKi0SZaLEa5ph2+SzL1YE/rCLYcXedeVN0WGM29R/19BaN2d59xnVrcYYHaUGOZIjzwxCLDq9bOeDFLt5wE/PTZ5Su8wPRM4mmPyK8r/EEKKZ4gmy71nsBZPTgtb4g2ul6KRmghUGB7LmrZc/wZ0Tint14fBvURJ+5E+tV9Ef0wooxVSJgOXIqP97L+IIAo1gzdlxFOnI74GVJmFH06FlEq6et23PnEHqjqTYXAI3Z7Mh2/qAav11Ae5O4kSZgHymk3NLOFjTnGXs2yD8xB+BqHAOrzEyQ89ZGcLqQfJyT75FZiwfgqsPCSP4BDMP7CWcE0bwZg95A9bZ5vaCuue9xsXyWnkO4/319RpHfbck9QevbGSkPvyjutu8TvRViafnH60OS11M+mxSXURIemxJoukyQT9UwL0vnyyAi6wIeSbST3ZnnIttxvyzF+D+oZFL6idTalKOTZab5dD9fb6p5rgKmAIKgCKUdiqz2m48YrgVmYDGTKXpEazi1Nl20PSq95S8mDwPxo5jSsUig1wCvpjrCCHhEc00Gp10AfvesUrTWFj+7mfb1CHAosO2Sf/hSXk1scU9GN3EWt6Hop7JrEScIJwncttHlvn2Y008W3u0eNlVwsdnj1LnjIj6zJfgtbBMVhtwAG/+WuzKO0UWNSiYopdUx2CfkjT7XU7GsJFyqd2QH7uLnJh6yVQyyVpasVK1Qkcr6ZY7K3UwuflNVgYZ64+emuNSY9UbqaRNIF7f68r2HQkuurO2eOi95fMCh1bhMS173wlSu3FowPZSejSo1JHEt11V9/GUTJ2t3HIrV/LuJsTWh0cIvYPZ5SbXTRXlauaA7m9WCjGlb6EwPRgw6FAAp12LL2d6CgNLSOvG6iXdXuHfCiUF+KGq+C5+8DfmMtZlaPr//DUy/iObLkUUPXLavTq0bf4a/cjkOc3A+9TTLuhuttgd8aOSL0JNhQjEaNxoBHeI7ifcOGB+1ylSpTpOrOfKx/kot/jJfM8s75TcAYuY78lU2634z76kJ1ZR3Dm9Jhnl3/Y4aPezWYL98+8sQ/qoWmzTxNM3GdZdY/1vCAT0DqU0yoM0a2dY/ks6sl5AcgrgvnwRbJFYV5eikpsrz4QLdzmsAo27ZLVrx209vVtlRtIIEDtefg4Bg3fa65YUI6HFNFdKoE5ZptK7sCII4zVg5nGswz0SsGcX2rzqnf25xsvL8LuOgEijdvYaLa5pNSZCcf0FehLRyYJM8gL5mh+hqww8K7Zv/vJyKYrnIlYzXxSnumuR8mAkPDxpn9sTo6TpVc/7+Kdda3dbZq2ID8l3/rtKGK3FxD5pqYVACud0wzTVCnBy725KLzqJMrZtE7mbGAJuatfUWn9ig3xTH1vy6Grumgn5mT7qGIfOWubLu/+L+awgOfC27xk/BRIngG3GngrTvhMBH2aXtbgScWDIyNFDQJ57f4B0dSI4zMOWrPSBwIxwAZKcj2hdfYqyws/Gd3KdfYVYehFdXGgdN7gZ740QACxIJm8RDzilCmmooAAAAAAAAAYM/vF/b15RDfk/4/nz/z3tRrCVSuQpi+f6EUYyeoj9hc7bPO408cQY8N9nw+UK/IjJ9i8ImTGmZMPEAA5sXg9y9L2AYJe1Sz+SyMbOrpBFyvKEv1b84cIAAAHOg6XDiZji7zVCAnSIVcp8GZkRhSjEvlmUdEns+2Ndw/c++sjAss4sNBXTRyHS8IvMBpRhe/yGYh84ab5eENXbHaRzXs0QJ4fO9gtGIUtnzhEKkKVtU0terYhLkHpn/lnvECASTSXL56cDXSqT/CKEzDvWNJVbkQq6HJP2rzJLkUqzDj3GUSstZnzPX+TRCt3nUJbyGnz6wecmtR/2YUEf1bpcAPnfxsoCQ6tNeHK35BX0w/WU4BugxvGlRke4/0EQ/q23yddDaMaZ6mpSuggCSKDZg1qMOZUry9UpOjPWRX3WfuE4NaGYoWlzTL9h9JSrC3vpIE8KHDRECy35esV8M6l/qiwtvuquyTL86XYPKb+zRMujQOTeGOfDrV1MWJU8YEExZlLpp7BfWtUbLLoABljE2EeORD4FeO+DR5eY3HcDwGlIAoAt14CHIs7tHZu5z09d5pq0ocReDh/3ZzbKeS/sOQM9Z/HBaTqihg2CfdascsE/eRZh6gCAy19jZkF9+YhuDt3fyjo2R+0SBWUTMQzbW8J/fBEUx6yCSHI2wBvd5HPqVdo4nZclqtKM0Nr7ItN4NiIqN5UrVtxGlu2AACjafE1vw11UJyZoNDAKWT+ynafZeLguexnWEAwk75gE55nM+Xiu7bIvaWfiacrisXfccvR1qr0/FRamY1kkmpzprBQd3q/1au2WOHrMtYF/7rKmTO/I45oPis4h/IOf7nEUFUoZwUJpTfjNmdgJ7UOX0r15cOw4CKf9UwiCNaA0zcVtocs1NgxAAF2U99cu/omqInyGYGEvUwFMz9gXX80yHHj11XZkaeKOlEZMA6sc59CZtytRMpJ9YDLSTbMGYM7jSQeQQZICLS5gpPAYIbVISkmDwidd5WFbMUbVdBqP3jLI0xKMIY1puHrCkCae8AEkDmHOnXEk48oN/ldaTCBWKABX2Pnv44HRl6bPYiTXRGHaMmAoyEurxQ/JBwrrOoMNBqc5Kxv/2eWI5pqUOoVAkXvUK0+b/7Y63DOhhVLDJKqXZKBXbl0dHUOPlHLNJNU1E1IBGq1SphLLYlNoNsByXz+lXy+GfFpmxdN2VcFwvRxNyWv8aFzwUcymB4/62w647NHOrSE10dDmASXtgindTNEBysmAA6vUseTDEZFpS8AXe0t1BqQJL3uGFOYwp5/KZw0+d4YHF3qJnxu5ucOKxh8DTZ2Hzf87ZGKpoffTlWu1hYkfRoNkUyw7NpOwZX++A5FWCl+tMAcryILeVC7FYdV5NyO3i4l4Cm5dnnf4cKu0yCZCvVx9QkJEhKkygzsJ/ZseyqT3h6/v382sxZ0Xoqz9D8RXtDnrQZltqWvOlAFsghsN9Gjd9bVf4LibRWtvvcIoEZ8Y3Vlxd+KAhnUdjZ8GYdL2Y4GwYuoEgcbsNDRHXXnos3GChpXgbWRFFAQ2C4Lsxu0qlVJ84qGeHoiUfGOaz9LALPcYvNBujnY3wb6OI9JvpprVNSjWlFg9ldvYmFvkGYy4BK4Nu3sYUxfKEdWLi7IMnbdKemxZAsa9+ebN3SgBCTLAnx6oo763DEBgrn+fCIH+nY+SOwVSb+G77LZ9tKddyX3m9+X3yjcfoE6bXgy5Bkv60oXDgByL8mhf7V+8hj3aLaPfOoZgdOg8s8gRQHwawTm+8WTrzJDp3/+e28PY8m6icGyjIE8RySxNf7Co4bK987IaCacVw2PfQ67lbAUP9i/izSXGA9cFfqeKAsvY/JwlA6Zy/suUC6RfzaGLBF7jygPLs5O1HCsQv0iwSZpSyn5ClHYnX4QjQChEmVy0Lz9WIWzkPnYjLjhZV9XZFtBkt914O4sU62+u+1WLzo4sKrS3V8on3dQJ7b1pghSVLG21DY6CQaio+LoO8bOPao8ABl64+zznRreQa6NwmRQ9p52s+n/IV/EedGtKWGxaxMEfS3x7cb8KBq8nNVtoLjhme8OP+5sLJ4mhKiSp7BXPEvQkX1jG7zmiG0YBpmlQ1MoGQhU2y2cno3CJqi+x6coitmcQ0yHzIsHyYx82hTKTlNvMIC4MTwzJYuGtxXjNiXDjYBtmi5YsfqaIVHVS2B9PKRpqtgcmk4lQHx48vDO9zWCaYdo9HTHacGK3jjqVI3j6dgBh04DnO7cq7wwdPC5RsEo9rZuaDH4pIPADPOm6rp8XJKEFXAxMZa+X3E54Ep2CjTqAtaZj56E9Sgr2LYOikYeXwV+oKtIS9oC4+44NjnYxhp60soNEPYd8d0zoXYVRxD+ii05RCcdAQWPJvbrghOdzuaOqMdRTwyCq3Vat/Zbfxk6Wma/PXJrowQ+sCsYYlF65B/VTrvY2pJito7CxrEEeq+bOexqrrUcMC9C8gERFn7YLios67GgFXopnZpW4haL/OVq23RQKlRzHj2c+qawLxDFvbrJJswYCf7kdr2t4m8D/FFNWp+rsV36KO4Clk1u+VwjZJ9EsFLVMCQ4CBf7ka+wGxnupkHOvEQx9P8M1baCMbUQePMTalYli1XXd5rbT7AQS2DZbVxFL5sXmX8FQVZZU4i9GG+FCCRcVkvDoss2Erlg8lWp/DHfSOSS1E5jqlCjd8uRw54IqmQG5B8GvWpC9Qy01BOimBYhxA8rAhAd+iosmvs9JoIYEqLQqdPNR5oOs9u7T6l2aRuB6QbqYl4whF5Ly4gB+zp33HgyTOuiIJKF1LW0KEIZnfUAfuzyoRZ5s1jltgHiLV3h1D5i5UbvYx8y0eQthnW49GI9CigSrlLSlpEDDE4MfPD30uc7/oVks+vM78YKhWIDymE03Y0Lyc1+6PkPikUWF7wgUKpoFkECaisQzBVtS/xNdMcv9dGcMowwkh42zOqO5OvVSIcXRUkKxbN6oeMIZroYll96ondaH5j9O+QfD8SSfH+o9hDS3fHkT0k/1p5zdZp7AMBMdet6ClRuxo6+TZ1NFwENpyuJvIE0y/EVs8cxKqVedgNMR5vk1k63bCA8GUV42JcW2AJbkVotjnd9x1AAJ77cpQ2aMysOlceIFYViPCpnprb1JBqKoCcySO5bFJHYebx2rkYXx+uqYA8sl0eGMwKHnJ6M91B1Ki2C42+tNrV3aweeBaxvbhBjeLmeKBIRfgWZqLiNlQGMfG/qPcVmczD02D4wgZ/E3xqtM+ZpXDY3q9zLi3XxJCEe0N7qf5e5+r4uljy/CTET0da/ZTrSYYARcenitP7z04Mn73y6P2ljxxHtiGEoyMkC583OIyjSOiU5CBLuC8SFeEpere90krGQtnTkMXFmIERarpu/XMMxsoJ6+ZTRIKf8ZsVs7JHeYkStwqy0smhhSjreUzh1qct4lZuPmvL/bMjLb1q312aj86q9ig1SZkJFtcw5yxcDNc/6RzOWCIW4ug1NU0ER18PZySNm91k7T15uV3wt6i2J/oRBHPgGffOpuiFu640ebwNNOMkhfwqb5o8R4brA/tQNYJQLt9u9Jtxvaw88nMB/iq9JFPIwopmDKgyCGXnnkpD65stO7uXnjEtPCFWvnEqThzQ+0Yr0ppNzYeZnz845cOziUU8xoO4IlTdNP9/Yiv5AoyH4llKYmTFUOmuPevS60Qj8ET+om2run2JzahvnbYhlrsaqI7qiqpINMrMCkrHyO88OKH0eezj1w6lYyb1vB/WCE3tG8fH7b5Qlmr+TfCgkrBoVRPzz8Dmq+D+neuUrWrvKuv+DMkxTe7cIK1m05oUnf5fhSne6h4nbuvjJK6xMvkR4yt95Z56vVy1j9IkKXN9J3ubGlW5oJFjHxv6kQOQ8owf81v+fG/VV3dsbIbg2y7EOaaPDQZzEAAD2w8O6buYHWCWtl6sjbcR64jgLPXfKyu7yCSnWLMnlOPOODSo0WvPnFA/pPt4Xo48ON8czWTtca9unl8MRA+7hllfsblaJlrSqR/sR4Vf8WXYbvDY78WLcvBNhlUoLFbYzm56mweShJdzE57fZQCri8nB+EhLz2ueGIrEAp0LIsnR/axuYzIBmA/2peSnXwBoQCd6lHtCtsmgYMkj8Ec0rhYzggBt0QHw6ufViC97UEOuF2RxQbKrycFNM1m/G6fvbtwB41/eEX4EFPBTBx0djPkkfgonkrI5Jx9GPgFGs8rdKpOO5be9NCAaoSxmnE/zCDFyAG0NYpCaMy4S3jbl+/1M+LUB06O9+3ssbDfHD6k3WpR3ZJE61kBx6NiHcwN1e9qgTExNFEyVBpBV8qpkmCQD75ODiIyqDNGqd4ubhcJU1pAJOxWWVVsWgpoQHuBOg8kJ2gmMUa9yh4PKB5Fn52UEvAY1WcIMpT2kCEzKJiF2BvvVUpIjBPxJig1Cv5SCYVh+EALqWhEiFLlKJ+aevD9n4Gkm6i6lXclZ2F7+bp/QUXvB4HYSRqOn7/C35N6LHBznEIPVBicawp5+gGi4GZ/5kuxGz3JWwKW+QyHmNBWrHeHzXoet6hhH9TNX+BEvWN5EXC7wxGYvn+AKoV3JbGk/IxZZAKwfSFElqdeMAVWqOerK191KUqOBtjEIvFOehGax0i0OryO6qV68aLqRGA8p54mRb2QRQ5eKYNC+pMquAETsQmC6O/cIzkNoCChQb6j8kEXyvpq8G4W4AUa6LBQCk7WFeegU3fgd4tLJ9dpBan7cT+XXr/qa63nl1WiP5/cFeGU94KyfgWiIDEmr8K0Q7Jmg0GhnRrFgh0VeRxOM+avS0pAgHeqOJPO0jNAOZuMgtP3Mui9e39atSUc0czzTAGyQnaXqdq49ZFnEPnpnn1ni+WAAgxOmT0DwUIjZ6A5kyXrG7kdY3OYSUbyM36kvN4b0PSA+WWHReui7eImGEAsQ+8lP17IZeGZHGH2vq7+2o5sniPUlyXFa7bV/PYgD7P60H5ogvNaghiYb3+nwmlnYeNPga84V7HnLWb9aIIQrH/Ed2hh1E7gCC74hNuUOnmSIiOf/HI9AptgVx7s7ulzeRv5vAcaA91Ldaz4AJGQE7Z9aT/lZnbzv5AfSM5mhcct/93PcDLhGuzZ15/DgUKeeJp1VvF7bmqZCrkonDHrabxEu2BTbkDHXwZA61uUfFlvz0l1dNRyEyrfV0XgNZVpuPVKTraNfy0bo4/yqEJN1X8NuZasxCQryKtM9Xz55F4Ktp6m668R7OdccXfzAkRz6KIAX38UUByGz6GXf2+RvUTWF6DV0cTP1ijUirVsbkfyegOZYkUMz0Uyk4jiVJDdZI8Q/z+m/pKnv813GHK3q2OtG0nSAu+4w0KUxM//+pgFxK2uAC8AhIEiWUK1AbTTe6pYgMrypqphf/nXYkXPQZnlAJTEb9CQe3gcP2pJCnsqOf1MVvgN0zcJAI8CblhrYEEKtNODbUXs/uW8QqMhIU2pWxk4l8qP+3G9hPlmlfgcJmPB/7/dlo479yYaXMdmEhLErlLQTQdw+WMQoE+rKioPVfDqbeeZlyAM+wixM37OYDZHEh8z6Vlkzi+3Ddc1cd3fmX7nPf8JFZLPq8meoHFB6ZRl2Yyc2JuoPsBZA5q5YOKp2QnW6Y6iu2NfByvfIQelVU6ghz8ywEHflzhq7vKfCh7W8r0ANcNRKeJrgSNNkGXPl1yBPWurAOWt+8Ip+7cZUG6gAkQUsNgJ8IwrpYgMJtvVk12tQvATyXVUFIvSOLthoOQh7WGe7XnCUnvqDS190o71E1EEdBb5bGXvs9md+BpfEik2DldsUCDQpG13yx4rahl2sbuEnBW/FzshFER0IrPZS6c6UxF8UVbRAAWi2E9ZuibmpTS3c8hjyvlJU16J+LrcKFk/88aJrZR6V+52CYzvGJ/haR4H71mo7V2LZKm6jF2JaaK3xLbn57QsDqWyWGsb4ZrIZEWHfHdM5E3BSoFMILTW4MpTdaYZlSgy6XID3Ty2RmKI1UeJLFeLXWuDhClUNUtLI82YS217jf6u727hrmJik4XxMF/Wck/fJdONU5jOB/tgy+A3judZFkzl3WK9ipUEaPYF+RRFoRk4bprLsOLSCji6NWI8IDey/knFAQL2T+PDc7YOp6AALefd2wW8SJZjm0HQyuBVyEk+bLbUkZUlPQEIE+7GuQtLMW6M8pBEw1BTQANjzCEaNoRXMbxW9o9ZE8MNKRX8Dz7Rtccvr/klPqN8UiF/ieZdGvBW7X97Wid1k7zgzkF1tPdYt50pwsdhHqdYxpCnJcW8kGHMeWJUL3SXSXETNGDvpryHeVtB554VtzJMQpjXNO53RrLhu7o2vJWAqOOM3Z5BHAwAq4ia2JUYs7JRw+mDdjZWWAc7RApwVm7ChwML+Wn9B/BakVphew1de2ZbUHrxdz4ZNGE60eNFiSG91XDV1T2ndkpN0xmWvhmshlDTGpWWZNB5VAWd+CnUNYW/Uc9vNm2fxP3DTO2vNHBghlqKuhKvrKpneTJbTnPCPEN7JmKBVXRB129Xjn1ueJxd9ZOVZ/Ihx5c+654POSG74w63eWyhOIfKkaUMYaCo0DYfmmCRwcuh7y8Yy+AoI+InGVZocmGWEVoJeFqH7ZG/O6Dq2VubYArH6t1T2XORSn5EzcaY8VZswJMWjO774HWN+YZzqVDgeXgrPvr46UmSQ1MVv6G22RCkegeAiipkBGrIdR6y/EqZQ4DA2VBsEqG0MDWZbosTd/XeHh3zqQLP3JmXTZ44+XF6THcfSinzPTdJbcG5CvDjFLcXysLN0Zm7taZnWnIPxwVvjcbACo+nrKhR9wrgwuLufx3Xr7msa77t0k5Sk1ML+3x2wwuAc1HTlyVC+YhVmigCgF9KebwO1buJb76twlm7Vw08UaAV076JvbUK6Zwzy34F9+V1mDPidIXMSK4MEL5b6Uy/EDKXQjNAepakb5DvUGiyGN9JWW8sxp5lTJCiULuptD4RpXUDFwrkU6Fpir+VZd7yM7FaiDdFwm9jGa+zQJ1q8Q0q6uC8PSdWuDIQCTyMKmGuahNFLbLJbFK+/CJ4rD7lDjZ/8bpXp/lFkBISoD5WWQAFP18mAs+Yq0nbtFI3OHrHvqeDYZV0bXGkWs7nQyO3wnYGg4Rhd4NDxIYKXd/lJlzW72bZJ3O1m2J7rrEpmCSv9aScvKyu7yILz+0SZn9IoLPebWPUbasD3Ao3SNjYhHA8iGUxWRoTlxMWgFT8Ir4lacGPn53Q9MrMs4olsZDyNkoLh/eHBGRzg9S6vvAu2MRyY4bgxqspeIgCOGjI2/0dFO7BcUYv2wdsSw68K/za5K+DvekE0yo5U01AHid7ApqYWjqaqJzYQ/hTC0db/9QywjtzOItkaFW1i/1ly3I15yGsXaWKMIe1SYf19jmr098mr7G8ADGzs0x6znTFgxUYCnsmfF6+s0+Hr1KU2p+Sk3FqmT4HbpEPC/0zvaza4AfhEtYODdldISX0BW4asfuNxAr87qm2Yya8fhtPibh7iud83Gm1nWxXz9W2AEUTFqCoddOBItL2rNcKGYd5URuiQSzH84ECANa88vYjZ4unttIHjdanAaNdRc9Uz/0B0Jkpf50s906LuTVJdF53ApdIZDLJehkUKOEmKFGfKbx5IfMDE7ZoU5rVgfi8Epq4emAhf4h2w2KsWi2ijplWS3I3twonGfMoUTl/RGuNyPb4s4YIGsFUgXJdm7hoXMK+8KGpkNxNb0ViWWhDpqQWTvvxieKCDD4WEcnDrrUuxTo2MkjXIhlzZZtqi2HMxE7laa59MfEVc7LPo1AIfcTP2H7olDvJJh1sl0x7QLHexpdRQBN/j+Aesjx6xCCCQNJvyDjEihOvPy1fsl1FwAPdIDpGhyC9oNHYoRj/fRycQY5BKvZNCLe6E7cOkv4VYdSB8XrCC91PrFgCvfEDhGVpF7UM8vTv4LHR6i7RFfTw+lH7ezLPykQ2sooX36qYrzSvN5zgESZZ36/2/+f7dh6UursMbuQJhljRfP6esJl1j17dS/lK+lfwAAAIofTcWZiXYiQ6TIPBIiNdpoXe69N0CQOCizcF5/d9Ew0AjbJl+bOdmjX1oJ4btJgKAxpXwjygntVD2KgYoAO0pig6GdIbJvUQjxc8QU084+4nEPRNc15sukTM8EUGoO7P4nR7BLkehWe0/c96FXZt7OYvTuBcGltClIiBmKqusNfh+uLs8gTDzEHYcuxH6qXNkQAx5jLjYmjRa8oczRm0EEey3G4ygmnAwun5paKNA0EWyf7qbkrcxURC/ovNPBDZG7aGTLKmJgPCLTa5RxTMFaYOWc1B7BPzigXPdB5GyXW3dZihI2G3N9YwCSss6q3ILdYoJlc7g085dLP6iXw7s7HfzRK58YgQItEVQ63vMg7OHfh0XtfuO+7hKmeXXwg73GUqaZeRF2GgMJkcFw5RheJxLK2kyzzpfkhM9szwrVR7PawCjeIlHp2gkTsjZ75FfJjey0T0vPjyhUvFWbmq9F2L7O7buL2dkyh7S/eCtBHCf/JiNgTdg/GRLcrmbmU6tmm0RXHhx3XYRJdrxgUH/1N8yGgcbgCan2/3y1RI5YImSwbjQI1QZ/3hStPDLnnH6sFeYT51l/Y5Blcqp1SFtAivtJEzeG2D+OofEWIB9Z8zaDxPHLyVsf4K6HUuUqhwMjbC+endjKmoQu7Lnt/dQD6xUFCGftKqOzbTJXFqJqJt1RRWW46U1Qq4oxB0oOSnDFkwKrIDcqPNvi6Q837bn+K+8gb3kC3+MJN/a21zAi35I2f0p7yHa0hj7N9GcjtMmSKJqJAzhW263cBVVmilqUdhuWTTcI2wc5hJ7XkrNm2OWjgi6Bi3z3aTr+k52yMs7DUklW14l/foeZ29dmtBIinuLA5ujM6aTOQ2qaE8/YAD2SQm1GnWH/RvBHebdwtJzS6te/EwacqsjumlsUG+14JAfoyKE1Jq/gmNnafHB+XiqzRoXnNv04EvYfzxtQ/x9eAX5uwInEjo7EHfzP98CreXIl80garuBAbgsawuF2LSRLsDOIxk8raZKnAzE9don14jT5tZoU+c0GzvAvyojfj5HlzRfrg+vfADUA+cLM5ESJN+opQWwCZYe86SHvUjQFumbFuqBf8+g279/4+dNBoRY6RNksiQxiXmDRwgbcWUHs8gv7ctu5iLQRtAECXEScvX5PVAfnxQJImn51aukfEE1i/+Xc5UH8n03J3rrkBN6C3Cy3H+6+G4WYrZLtEIsKheW2K1pbBybV58JvmGyDqHEuLNisNrzyU1besjm9uIJ7Y2285gyjRHF0LTLo3ZqYhlac9jZrraL5UICvgMsBRn2m5wk1q52tkk0ydpeYBMXmDq6sZ6NT82q2pBumAZvbfsiPpPnftjbaaEgAH1v/9STUhw7TAquxnDKzfy8Jkwu/wda8K9RSB43vUIinyNnnwuEza09lVcXswa7Jm5CWmJOni+PNTtiJB5XLAPsVnxdwiRRAsE0V6aWq/ScyrhiQQ1aNeihxJIzHf+BRRzY7qfZEwjWnejaoi9BVEcIcVt/Vjz+gsPlVFkkzPiZPNps0lRaChAXtwOYecKtWnbkmqZ/sTjhEckF5yRd+ZgX/+7lQUyTGnxFCToagQLmZz2C4pYLzFyWrxR0A0GjN+F07QuOZoweiLln3o+0wKmvGa/8osOjxEsWFjkk7Kk7n0YOJIYmL8YHHHXMVBCX4vALy3bQx1EKDNIJ/SgUOACiecR2V7xy0ndavW3RASgNzlQ2EDoK2WQC3rw0A5hTM6RywQJ/z9CpIIEYhS2yVwnXuLbrvP0f3+tvJHPLYhKp60jEV9W/qObN+PEBtwk7GqWpunCjYwx3ZsOKFn5Q4CsN6WnGsu30ttyksOrgNwCVCAc37bcZhONRNdPVzqBydLupsfL/0veedweR+WSSUVnNyN/Zzqo+Bg9bEAF+eIALb4QpC/1UZoXH91jOCw6C925JcZ4cgIXg7obEO+AEQ3zgstGW/rccoiVihgPTN+M8+orCNYswkREgQEwCeg36x2CebU0RVGBrF8BgvnCs5I2Y4FbHAxalVJpOZEAXLD5xJrTI7Yh199QVPIV1OL9HxhUyKn80fgbikk/dMhBJ/kgQvHmsBwC+TbFV67KvWly50E2OWxkalir22PWM2VhmmYRdavUk/ubMmWog1XRpoftejrWap2k3yaMusiP+H8u8jV5UvI3rLkmwh+NHB2hWrtbq/geqcCosLVhBjWAIkFstO5QYkMsElkkHUrMZC3qNPoPdTYnuaImSgtng8eIq8GYCIVAq1aGPpO8JzkLSP20yarIWRl4d/MeSUuqYtD7vZVwZed33LHDQSh1oSI9vmjIoHTi8EvX/lGYtvVq3SwZgRql3UDSjvZeE9ehirEa72Hr8VkZfSuPSUE2tXvc9iynOSsu3td8luJOYOVv9Yj7OxbVOxIx7XPirUmj/jIxaJaQHbAtgMIk0JmKHw331g/CRhZNjvhRsYMPQCWePFNd65AKvs2sW45HkQwR7CMIPHwIZOMK6C6Uh9o26YnKZxJNNhttq57Txd74m2AGo3YQD+zCReY44JV7IZ+49/G31iwrMD6fDs2nys3cKmFnyRI8FPiAsUcOmwp0E+oxMQJJFmyzLDbmx9veqtRjRS3AEP/Z12/tN69O53bPevmNvPOoGkl+0rxHvJ17wQaB/3izIqtizUnw+D0MUK/aicagKpV9VBfSIo3iY0MMrvlY3289bG4gljGeW8ZijIHg3qRmnpZyr+U1XBYMDBb297QwVu2HMyYmV19ODD3DzAckxuJbqQpALr3NhpGBDJ2KrqBc6Wc7MtSwczmk14WdKKRdCkLYSCTHVXRHP+zn6oW6W+PVAc0iXfdYvcu1xXzHw3GYKyJKCPOYKb1sAt0Et4fw9elaBtNAKzb7mjtWzYLovp1wed5Py97YzP/vFSk8/m0ADwXajbLr4Q0/RE+0WujM8qQXSw06unwasQcdVSz+SGjbHFSlQee2q+LspcSBE8p2bzR7w/If1Q5syxPyNQ8THAQjb1flQasl3rsC/MlStTf/mTfpR4AKi/oT8q0EKdHxV+tmj7B2TIJqYWQL2UO0Xwx+Q9aVFPzv91hJNMSjbJJHg+YVHYLy/4xoNBqTjyYYIBz5XXspR41cz0Y03uNQgUUx8jOl2c/PrEOpGYdT+Dl4SBuZkOCzpNrilqtl9WgZg4hh9VUYRqWVH9pumy/L5/AWjfT3GxXJe2zaPbmAB/jlS0wgNv0z9+kHtu3mfBJr4eTtBCi0GuGwEirM6MLU+JV+DOXC1p7GndviW7Rb+/BfrQhWzwyyFlKQRxaukm9vwidjPzcUybM8bmJGlpNjPrA7/E5WAq2BS/qC+/iIgAZ2u+1Zb+n/+IocwfPa57/nYDIp8f6ot3cLbdYgmP6bgsjntzC0AY7I1i3FkgV0JFA3HsOLPxNJavAVkikNNLByksJ2zRP9JJhF69qWYJ3rG66cJF5O8BBFfPOfIiUuZutLrA/OYQi39OY9lTXMnhhPRmFSfgbxGNbuhiaSkt6gcuY+2yu/oBYadvUbpSmh+x6O+L70xyRfXnQ+dr+6QpHkyyhjWaO0uYivqAeQp/3xWuARwx3WI7PxbkJUQE+Cmw8ABKMnCOo5zk/KvVWOw98b7Y4NlUeb4POk1N0pCchaWcOL/Vp+km8Kcs2Y2vRn7aSWou4FXOxIEFJCWR29UeTvrI8LlrId0BW1wKc/z1DDYW7lyMOqmKsocc7j2b4anLAPUlCPvt8uidF8XhujGb9WzcU+Doz8tZNzHR1GbukdM2F+eBsaIX5wfEUkae6jL4TB8qbyESFS1d/31y3btExdy4pa/cgJbwjCNKXdJEJnSLwuhhAcVbtihujvdkBijgjDcGgnu55OZoacaU961e3H/p2fwKYfUf0piHpaIm1mR7xppjGzamcZl+Rt4eZXpH+bWd60AOsefcJVtj8/vxToo/C+r0IG/mz8oFnJStW1tz5RE6jbsglSuNphAR17a1h2M8qicR3avhaP+VAu1XuPzpSZ5imUpxwjfrDGX6TJ204MVW4QsAyVingu9jKtcxRCYdnVgcRz4AFcWUcbXc1xv5afF/P4Im4ttPtUyZh22kYzvwS7sIPUz+n3gz+fAvf7//ktVeHO+kjHtqFmlLXg98csUR8+NlHbsntH1lLzsy9F+C2S7nzN80x2zMWa72C0bvegQBqV6I5Rv3fo/ffcAx03iD4Lq3ijux5H95AT1y6wWX2UGHnU/u0F8QToj0j6JW7fwp4B3/gNBlB4KS5n9uMmX7IUDSD4oEmPLuoZWyurwEDf/cpMm00gFu7hAig7BY8bgDN2DEKg3REa3JVBHlVnXRyLF3K7BRbABpgGk+5jzku1ssCP69He8Rh+gCSg0WpmrEERrAGu0Qfz6rTYmCM8vTdzT3Td1NWlOxZMdxBXtLaYqDOP8wvJKzJBl8pNNyrMnE3ytJiNJSGau1iMP1Okny0FR2N1kP3WVsyF78hhbgFZ6xdbXH6+uSRFEahQlzJ02PvTJBt5zMrMbLARMD4+2BlWTNMB9sS7WF6vW98VYHbbCunHNQV27Qpg44GpZBeA6D0fjn4IM7IUPus7jkfdo4nEfCL/QaK9nmomifKdzOjvaiCmxI+HBy+uzdIeMNBiuFX7tAqJ2zNAat/24fYnNEvsdXmSr08b2GjMha4ed+707uFYYn9lieGBHFXa29T2onEjf9gD3sNsJBlMgtQ4ZkLVQys0/tWtfAkfGXWJuaqwvGioW2/RGa7Nm0y2JyCvYBUQ9HhC92k6m6BVddeRy7/e+iRHRiE6FWa2DGGvXJnxo5aUPaQ3IK2q21ymJLzuyejyijs/nUgYjsUgX7eTfxVq4ViG+E19XWXmbw/QdQ8F6WjvBRGLvnKZ7mgcX/2Li8eYrJIeDl50E9+bVoeZuXHMum27FaRbBoOIFDvGCU/NOWfEqoKJhlJj8FLPaRkAvq5lN0aPEtf6X8MFWHQZISHAz+xGk0pQyZE8eG8yV9FCYfsdjQU+WGVV6gaBOjBIafZND6v3YsEiD3GB1KNSCZlxT26Zb6roHysVhpEnDW8rpO/pUUZUV82XPdnkErIvyAUl9MgJNlFje5oaXN3KeYFkLFuwEiuNasFnyl9ehDmlP4Pf3m1+nYrPjzMpLSjAN7UmBc4Ltrta8ZXxYjtVlQAQB45Ygwlt5oARdn2s+/qKzhT+I3tlbSXNwVlWYFtzb+NY8W2gdQm3C2S0T+weuMnu5QtzyHgTu+yVB/5upoEkLuoSSGfkk15OoJ8jqHp5+NICmkJlMQ1TwU8f2nM8VE9YlkS1P/vz3xtS7/ahW+XpptUuo5kXtYRr5jeegOtp/YctVV+ibZKEXMNvNEwBFmb1WwQSVNKIhS8xM7LscYa1jo1JsHCBHFbU1DanrK3Z8zxD5KABu+CpVNiQFzWjPjCwlJNhhSkgalTSUkPQE+aEMkKa2cZEndi0IcxHzQYXrS1bmBSkag3LVokzuyxs1ynv0dpwt8O2D8odiJ0w61XTYkbDbjN7+WHg3PobDJQnAlADnr8/h2kyHD2d7LByDibBRQtDNCdKT49CrS7MyoQnk12Kk7CVBn3qdq67UefSROoMMZbcy+Eh6iN3BFw4mC5/yNTOIfEstDpZlaC6VBXEkACwDOSinCygofQCwLKJbukvdm67stoZHU7E7O/qfHCare+CartaaGLGwTAsFnB163RDCR2rYg4ov1btUw0Ax/vHNtP5NogYff4kdWpo1PsV+frCXTol0rL74sWG5Mkd+86Cm4loG34ILPNV1HMLS7lE5cl1/wTk9V09LwLYFi9UzZ4YK5GmVLJt91uWN7In8memxQGivmkOQHigAAViZmnsXH21blHY8CYQ0kB8AJTe73lH55/7J8+i3S2Rem1vfyc/8jwfG+el8GV6CLE24Mzy9Au9fLw4TTNhewEjogU+UbGU3rd3rAII+pUwrsIa20Y9OfSAbXO7Tsj9Z7WTcBfv5m5byxKDG72cBkH3ywFtn+uLbopfOcBiXgMppk4TKWZIq8+qP4VLCY/khu2DBlDpYH0Zr6q36oGBrBgKcr7IrbKK8Zuv2JXMLtW6Ue8nfDmwGbZhikU7JVUGbZ4Wic4B/za5hisWhT5BiTx6DyclaYnQWSqMhw0Bwt5hPJZPWU7lzGB+xptxoOjH7z5PnE4M9OWzg1aM5crGOjs/FQ6zHPhu4hzK5IaVt9mgX2LT9uj/wiuJXbqZbG488+VeygMoHZiKcJzYbFMQQmqZu5pBMM9mMHoJr4/QEKoQ2s8bYc6BKaeXiyNCAVukxhkZahVMibZpC3hO9+o11N2dupHHxC2YVi+jVmZigvOX/cL1j6WK+tSiysROQhvg9wDFJm6Hrtqkzz3c8g97y5AU7cXKz996+wSWhZrMxrBVpQJODCZQtbJn1W03gcI250pWdWPOBi8nvM4fQIyBxEtROk+H6Uj7wklceyqCxSeGYETVnYP4KGasU5GNpDiLnvDkPNX75z0wI5kXRu1JDZtSd94pX1desx40XdZZkSFv580/jr3lnIVsVSndZ31eHirlQ4q2S91UZeiTS5XkIBPqq7MblfAvVpQiFrgawtSuJHAGw/wIZJbvPwV1UTE/WFpzZaamBBGLsnk67AEDTYsmKLlWpnqpaRKvY9FT7vEECN5XVfOORHTezI779qn7x+4O3BDmtKtljkf9QP/t7xC2MQ0jBn85E10xAthcfabBCKY+rP5EFNbnkYf9HqNpepU+j4CQIgyeEwzDjkgiiWo+LE83H0mnMVOrcwbRoBpUSjWQ8UcNY3A/MKKnHrNLU2ms8Sh4W3+g/5C1igHFfEP6mWthwlPurFmFtYfgoej67TDR2fHrsVG0AUoxsG+w5WGgO1H8KympmZ93PX5ofHirCa4ekZgAQ3wFG7HXQdH0yYoRhm0RKSA/rkvKTct6izVr8wPJ5o0KXx321RkdW49EvlqBFd5WnD9ZWGbHvPd4hHJ0kEvxpcQwmRwvQ8PxnCaI0tmUwbypqwYSnZyDoN13B6bKNAJxbkI8B1yDKCu1LG6zQnHxmzsq9eFHzuch5mfj/Gci+ZZRahDWksaP0NEnRKRviZTas6AbHGvkwp86bcozuLTJq56rUipaiGm5QI0PlYpdynzzqiePXfDEGUJOmZtkp05ezBjiUkM7ynq2gYtQJT/rBGTBXRoXv7hlvBjI4xc7AziN8/43EJHDyb3p5vaxqvEau/A4E/5ePXcGsW0UA0aTRBJIqXUlzQf+X0BioONo8RgvP7IZhFijbMJoC4OHMNWxfcbBqLKHLdrytMGjGVfyWbKUSpFVw83mMpFfQLmRFVzGejXJIcZ+ICNzWDF1rkgSu25X5IRi5dmQI5n08sBr5CqmtGobPVkMFXhx+rwB9hSSlwbc4GzVZavxT3Eorn2+al/7m/FkKglE/jtRkrscYe4s1X/q0qledbT8Yj4q1MHrnDwftRNm+euq6ExTX7lUgABXp8z+LRDnwcUNjlSc0QMcsGxbscV09c2CpToZPYo6N9bAM69cOeS/lvG8ZUPa2+YjWLB+epksysUnfhnKOVZkdXmpTAJed6Lf2O/YF97NMYy//pv8XH/R2KcOhVnQnB7QehNMeh6T8rNY3CfZWbNJWynOhakTRj18sEmT05qV4GRqnzBOE0o44x2TCUnb301iRbipaGkMRQ+Nkst20JxJNwkNDKDeHOHsOrgBFMouEeNBtpFlI9F688hpQbcjMQ8zEIGP+13dL/tVtF/+RlrGp4kfdudvXddLxbkyO95QWZ/zzdH5rtJn5r8KzHC+l8kAMxerARgDIQU+mO0Oqc4v36Z0YTg9cy5jgPIGXpW1YoZU8ZzRJDbnjRnet0lF+cdDG7FpGBJ+MqjIo5Gg0PWQ1FlcR1fbBAzO73Z/CAN2I69qzWy8zDNVXTqyqpUHoYNca2BKZkTWeLA3qNyONeZPXiURetdkXkYOaqlSeeVht0nwTw2ePYWjM1xNMnEIO2XKBwgXvkZoZP2fYAhMPVwYAQNQm5Y8PRSViMTIilvxo82kGcRDZ3rp30Tc6djDS4tzmrjtQMj6DeBXj2kTTVC1Zdv9zr1HcdzYzt3cN46OFbwXmZtcq+WWT+5pTMkEe6S+YGHr1bk0hFc+dMGjm7NFJuNHumXA4Sp49Kif6dhYdFprKZPQW0MWsDMjKz4AN0H9+VpGnV+rqZ+lhtsomv9wFaeHPH6PVa2Vg6gwEqzce6SUHKGDy7sEzRd0kd0hzi+JJTig2RqkIOnB32JBWj6n6t063hLamAjp5+8/2vUnsR0Uf3ct2H06OYsoBPYkroaljQ1OodhP70WKKqhdvNas+zytA8F4y796QqYELI8IzPbjgv0UdjzzCCHthNKIfyDxmoiW/1ngEXPFW+15qVEpZc1tlsUOvT+7zAjyDZ3HTVKLsZh1R+1icwL9+EQprMp6IAOQEOR66QiCbdtRKnoeROsYn/Ib1xAYbMYMLlmouAklPffWLTRmMkb4Fnv9x77gh7jcRXBwppxwx+DKg+teRefDt0tbLsfrpmlbOXlESkAtwsx/uEkQMW4FWo9eIb9LgsVwCm+PndREabcPrrY8eF7NCFZ+qD60kysqxll1Sm+i80L5PW+q1qKDD4vLbSgbRz0AABAMmm1DtC6862Vn3PPmTgtS1ZdI7klIErjeePyEEk82hcP0fstg9bmCWreVxFZYJvrAo6Rpgwv+4XhowkDn9MvwLmkI+KnqH4x6qn051cIdisZZn+D60t0wFHo51CYu0tgrt6TB0PSuQFvSNbazpmd0wLYIOuLA7nOfbR2GAR+hGevMC+ByfG7dKBS99jh7kRXGvnBR6eXnBxHE0daA9zh/w54yGBXnDj11jNbNaspVhCIedrX0NOC7sNFFPvRyRBm3fHMDp+cWLXdA/oQCHhziCz/GLGY8V0Fyo6F39JRvj4XrxJWARsLC8OdOCwrsxzS2gFBzRA628+GoR8WHMoRQztAIHCm4OIg9yVN3BJw1cjYRZqu2IsTwizaexnjUpjvQZBsrLe2IF5pJozzru+kgpK2OMSVb5/WAiRwvswWCQFUuUQYM5Dlt1fefdd5/FgcVqEGJ1wxrIvnPx7xBo16Q8Ts5jaErK2y4ENh087tNqzSiBipJeBhhQ4K3efmhh3F9nuocxGir4AdAP/uQ+wG1DzM6aP/4Zvac34rHvNGz4SGg8G17f7xnvgK+0tnswMFsSoboOlPzZS2rDjHe+tLhDJdFScG+bKj5BOsKQYY7I1SH8SuVvRckmOeSN0OTTtt//xTAlCHz5o0GXiDfS6vbWy3/RY8k0cfRSvfhf54/ARiYAwnXo17eWEirfp8PJH3IBTRcehie5SRaIkbpHGE2R5QtY8RTDFDK/Uk/yWH4wvAPK40O5Og6d31qLfeOcuzVwlKdQVO3uxiL7dOcOD/EffbrRX0vb0z9OMlrvyvp5et7Np61anTcBUALU038AzW8ZQtv0QnveDa6EPX4SuONyFwzXd01AIlkd5DBFZGGoWSyGBYnkmbdDEZR4Z360xdiVLE0fejQho41gOPxLnxHdBddI5WC+m0Zm1vfw+d/f86vZgiyWCeNdaAgA9uNvjkE4r0VbOkazYsIG/GPTizPVY1cuDFbnsd/k8PYPrxxoCvFpiowbOCVzjoQL0TTweTOrOyS95WsKWtQbAYbGKT0DONLgP2TSdAiDe1z+UboQqOeHll4UVRNx+j75Pkqs+DGMbiRD7D1tvaptltxz5neom0EC+WsHcGi/kQ2ih5m50puxviGvoACbdDVgD+AuUG7Pk0jF0l8C2+LNuXxJdCw9wrUahOn7fm9Y/SYniHvGyLz/2W7IF1VaAOfXyy+8MZP6PuoRzja+bAgRRhDYx3c9gE4Mnhfp0Qk8AbXPlPN6gB2mWCDKYXbw1P2AACbV8vguFcyJxmUn8rp1z4J60cDQi5h6FqlVtC6+Qq/pT3kO8vIFh8zUF7knOSEIsFnuNT5mVi5buWJZg82XdrB0dIkjhanXZK5Bn6KThizdQOCY8grEPSfQyIcp0CO4fsqijsiDGMuUgY+RXjIZZrhmBMieah1TCDUTl9ysBh4tE6OEBeGnlkD4f8nXnLFrfAimygJb1OhWYJcfNw4AA85UwV3xOmBC9qf1QHhFZ1rMBgr8ps/ISUBQjvLOoaoOCvrl2lcMv4bHmZTJrKQZ3xmTZ8N6LnXGYX7NUY6ijxGfHiqjAWHmV6Li/OACvEh3ZP6QaoQL5AT4ry1xwplMfjD+Y/UBpzkyBIIBWksH13dy0UFG8lNkvqXcGKe7lHsqGgtq9u7wdJadim4M847ZpdQgLnGiV+d0itrJLIAT839kLrpvX3Z8i+ShdpvKJ1lxl6CUP+oc4Na7oMbIkYUa3i9Oa5WqFS4upAyN0H89Gla1dYykxx514POl1Ll8qYDQTrgVohADA1aUfG6zQQanDIRmpBTrJr60fXmLhm6lvXN4+CMDYnLPDF5DHDm0J2N8CQvNplGDTBkSlnzqYP7IIIGynrqQ10cIbRBjbCBIvLantvjJrzhfFOG4WrXsNMdGgq+YKSQJfJ9cUjQUr+yL4dIHp07gSKR417WGM1FTi0p6EfK7vw1BoBcXRbgAwXr50ruzxj2PaRo7FCuTZD+0eNHLZM7zkJgAJ+ZP++FIWfNkci6rNObPplI+fRtGiV+6ysr4iPyn58pbBWQ0i8MK5zoNGI7NGKppD1JMXFeiUoGZpNV9t0QV87lG0VOtOa5TibCJLtdjO6F9UzNPYh+m+bNGafkDxhsCQOmpKxGJkB0ha765m7SvM0yT9WC1P3LPTSbNdz2ae1tjk6V2L4bXNsiYOGLiA38h+E/zfbjpsv+P5RIVpPXmt3VouxALWNpbyGmZvAZAYBdNiTkIkAIntzV6RiNQK5WZACMdkZBiK97j6okrzwjv+/3pMyPZ0LQ6r7bro9rpghKq6jYK0Lkc06+7zdJFQemFudd4bC+jFwwk3ihE8DB80suKBPXeZCevpf2A16xQPsfB6/mwBonC4mk46pH/4KFHtKhFYIlObXxNFesGfbmYgkwdgLIeiED8stogOKxl45p5VjIwv5e16TCjeMs4xOBWfvSFpptBiy9mlzzuvqfoFHtm1OlLLpkLrKt3ReumOe9qTKluIZK55o5yIzTqEo+9xrYYje1ovbEDzj75dXcBruWgIYF8D28zRtv7AanpLlvmoPntYZSNocRxk6figytmByKoPgeXVGFqz4yjasXC/gRejDQUlAda5+zgN73Ln/2wF48s0fMKgwWY267jt9dCFgaP6FH35MdgA90SsTH3RXTvouInhpRxnegfHWEJXAHatz07ZIobaZaF7+iZtia9ACbfqfM7qgE3ed8+Hvw6urawlTgxTR4QgNDHgMr/9TBakT2ujZEu2RRRDyEA6ihxgzoVPVW7jlwjJJnz4crVJYYzV/i5857rBRTwJP/b8PuWz4A0ejUOG1tZRbom811mbL5s9pnksXAkLQTAOyAoGWBrfJVpFkEfMSEl01wRsuh3pydxucpceKq5/zYcXq+g8pQ2QI0JjnFOWjKI0Z88vWyRkYNJsTI6T7tqDFZ7yI4Ay3wsccdUoRaI1A0EU3kMv8qQ+76GjES1jUTblq4/i6vLQtdgHg9jMzP3FOpadiN5QOj4jMa1ixpwCQzTRU0qjVQ13lGflJIPec6lqLQC46YnOxGcxVNG1IKcljHpJ1IG1arZ/Kx18sCuvKTzGnpwZT1BeGRYXSwXjYK1zG2cyIJNlaAi5GI0tY0xjHfE0r6DAqaLoeBqU6y+XrGULyIMt+e922ZF3cBdYp3YkLuicProLgqm6pmuVix1AuHiuRquaAAAL8ynKG8wSnaN4vONoDhX/R3DHY1EtXxU8tZUZhX0+eNrUUQIL2Qji1ifp+wMMRnucJ57Iz8HsTVQ2ILANI80aWWrT2b3yyVYa9npQ5ZLUqX+BhjMV41x/Llbj5DdP7k6fV8GJ7ZN3mGAGZn4UWgABD5s1XTyKMjjm+k5Lu230JT2g2JF9+eBmDTERfIh+J/xtEhzYZKGnZ5/rks0gkGQItfFjSPK4l5ZA+H/LrXkR7bOsk8EyFhJCvOJnKbNFGZkGFds5dZO0jDqj3yID36LJ4AHkNpMd48Mqau4SecxTZqkDXQ7501vdZL9hoDZIHDNpM2RjHiM2/qkNeiWAHppNNe26IK+dyV5PHo9Xo8ApZuNo+96grvnBdmge1CN2Sv9uPGIbeAlQc+oaPHm0hjFWIw/WUQE/2TDKmhdGZ4YHInlHl/Xm+Jbiq++Iz3iZ/uoGud6xwgWu7X6w3oARE/IPjCqX8hxagbTFERtk3DolanGKImXkuRqQI0r6eyLpYiL7Db2iaQ5n7eZJmXm22w2q9Vq9g5W7TCziffnecZRB+GdML44yWfPOREpy4WoQIO5985RG1tmwO2GFIqbyP4O4Ap1QUITnoY76R5ubR3WgdJ3fuyXtpOABZH0yKdRmPgX9rqIzcrpaj2s6WWuj+s4so8rYTOHF78Q8zHa9reJkbxlTyCTaoUyczErU6eD0covFbt8CehHqAmevQfz/+JbjRGw07aTcsv/P4BtHyTmcJOR7snc+Oc0qhcxVjMNZXr5LE/YLO4yZ7MUYCQD6xnSXtuLmw1KqLkKSeyFyof3aIGNjMMQvzgDQAe4/O7A19vstqaEoPO21vfyc/8jvw+el8GV6CLE24Mz0IwIp9fFMv0wM2F7ASOiNnpNWFK2PkN9XsQ1sQPNAJn1ZtDM3SvcznudFXsnSwWT4yMdZGyCF3OhihBj2wXQ5LQHxC8+oLR2TcJkiMVqXNHZjW3jnZXEoYe10S4SoJ0+2mnpRIaJTqJncFDmslWAtBcg3GIZPAVJnU9X2f9Xqk7SkpI9DfLoMeIogMC+tNyWavSoGjX5n8DVi24wAFzh0llVABFesYqOlnvrZClyHB/Oa6PnaHcNIFaBJAbuUboWepzdyr+1IoO1+AqyyMYy/0JDXxyZKdaVmSV9zqrJt5cl5SblvUVta/MDygMEErUR9xs1twrG5RTDyFBMq3i1xkE9CcEcD96YE6B6820zHYbAkDa8pD7Zv/lsJcIiHwYFYKa0gJACSwDKcJQQI/F72v+UIrbjX1vn9RwXg7m+3IbPb96bKbaBLSPqOhxTo2iSWWO66chPmoKKHuxxuHl3dsSSbp7F7apaiGxocFwxjPlRzYnSr5h421AVLaYOdl5uLyfk2k7bd4je+aCoxUBHQlFSViHPMH8bwMQSPf4zmVkXmX3X8maMIEJAKyIGzKF1puS/dshLc9+igmA1eosP4TQkAAwRKWw6ioP/Y9K6JYz6xPSYVDcZ+rxZ0g/22Vkt59VvKZeTYpaTlsQ1Tp+f3FvhFlMvRt1kvIre+cGrukmSE2yQ6Y54rjDBm+R1ItlPVtrlaez8OVepHW0Dud4L83/99c7sn9XMXMlkBXFX6zFc2kGcRDZ3rp30Tc6djDS4yqmMFtQMj6DeABfMXLL7M9fthupdqOz72RCXus5SR8CqyOelzEXWzH7ErkhMFjdLoYrcUetLYoobaSECjpCUzWPqKZLJIhwlOnCstVv8hAmqTFJQlJF1kT2ddpHJBL34fyna4uzPz7DcgfolooRUp6H+oR4W3E0N/Pcaduj64wQYApd8EEQiWoUnArHqhlfo94Y8RQsvrT80/EnHiswmS9CQU8vWnsHUy+cS9F0YY3NwcBB7ZfoaJFePKuDMKWIfqDmFWHFgkzxjqwbe9gmwAQ3yckRjUCUDIa7rc6F6xjd4AIuL4/19wAzV+HL0zYljVa/DesdzISOGGorFauec7w5BLpw9fs1YAZ9Mh/MBwrdcLpuUc4I5jtOYa860Xbeh8qrq3UWNw9w1opneDq/SWbGnLvRBsYTNGkz2Ybb/ZcwPUaRbproG/9VgABWIC2ahPptl/NFqZqwvBKb3Hor378t9O3d0Zb09X6alAaXB5smI0khQJb8BvRoFgzXI4lJnfI/roXA0Vh0kvdlmftUXvUrcnxtllJag557xaAPpoBxxIu3UTRu4p6JRobzoB/tVhX8NDvl0aZwgYJljricp6kMmQLkPNIt2FvwZpMOQMLFA1zPBdrLZ1IOnTT6ZCekua3VeaHkK1ueRZczaxqO6llnAMERtxtuNASKmAAqkbPECr5zbxWzz7BwSbFPbYWZBEaBMiZojm/3XycAACE6BZby2SEjtB56oNDLN/zpA5MMLSSAlQfBCjesxSF3D6cWTj+9nlOcDKzUY/cO8l9zKvQ7+Xyf3MPPrAJSx8HcToFF8XuaNXiWP1m1wCwCE48fEAa2hT7cUgzmUZd0Io4Bau0xe2N/cxjpIwVqHblF7UEnDdUoHcmkn9SJanpN7ert1yJoJ9dJSSiDlUxPOShYnm6xppbiOHBPGtIbwulHBlgIasSfA6e6Jn0xGWHTNpFtwgEYQbmAUiNZuBcjjKjzgaOAaNxYWtoUrRMYP4uHunA97b1pn6+RfoowZBgIIAAL6oPqfTNDSJQbRKBow2ddKpzd2ftTUyLTKpcb4keq9CKyEF8Pk3ACqPpdfAccnlbudn8iN0/ueuwXpqzTOiz4PR0vpJxmZqX/x8CswZTymAl7zLUZ3yP58iSXo24Qd7eLp8y83ErcnwT6d7qUx45J/b5IuXu1+aFqODheceW72LRVWeJ6+TAugalisxjPjf2M4H1cl1UsyoFJq5KZLe+mYggovvFfbp040/Z5ZpBplIoug1daX73JMqbO2ZS1TSAJhRa27rxw/ednggIVuTbpiIIYFBw8slDAFXxPYYDhF4//2VrBbigaZc1HFK3s94gAAAGmdX1AvNq3dySrmIBbBNtbQ4tLZkPNTPOyu4oyrAPhluLlqmN8fJWGuOY9eWgaJPCP/uP5Ze2iE2dMNXrNZBbQ8RXz6yWwxCJ+GhDq8waCn1fSX96RkSvPbOpGzFkZFp8cRT/5RuZuXPffCKGd7imMhJ7EcE1diLp+DMvydHFXMmGd6dUZZd3wWpgwV2SgfDQwqQCr8fAeDKVVym1tB7Ut22HAWQNOekBb7OjmB+OEHqcb+5qp4Tpn+2oRRV/XeY8NX5F6B3h0XPM4HW8FNUalwz8+JQYdeQYPb5AWWU0S2BQpBSd7rduH7aPVcdYJ6AlVYM685lEzmDyq+c0YIqFoWP00aqwniNr4a3j2dquC+HGAMMctH38fcN6kXuoFB1YQim/ts5F0XMTiFjKTGHQSuRcp3foVXZPs7lulkuXf6Hu+/rDgAAgEcsLRGCvs0VonkteVK/GUAAAAAOfNodL1a+DZnqWlaCaEK+7u4pvbuJx69dGjTb2eP9+is4s54CKb7dALW0k6RQ9PW0Z6ccqMKH+DJG5hToP6oc/xImUrdoxLAld0wu5zvwh1gSi6nweTPD6kAAqZWJw1aXPKYCPjnKrQ4PmRewrZs2yjiPVNpHqP79oqW6U6RnD8xfT/4OY8xDFDmDgrRkqE6i5QDJz2fAu/I9m+aCxdRK5KvNME3Pjs+iAAAAAAAAAAAAAAAAAAAAAAAAAAAAAAAAAAAAAA=""}","'
Professor Nurmukhametov, GPA: 3.49, Above average
Enrollment: 50, Withdraws: 0
Grade distribution: A: 38.0%, A-: 20.0%, B+: 18.0%, B: 12.0%, B-: 6.0%, C+: 2.0%, C: 2.0%, C-: 0.0%, D+: 2.0%, D: 0.0%, D-: 0.0%, F: 0.0%, 

Professor Perdue, GPA: 3.49, Above average
Enrollment: 104, Withdraws: 1
Grade distribution: A: 32.7%, A-: 26.9%, B+: 19.2%, B: 10.6%, B-: 6.7%, C+: 1.9%, C: 0.0%, C-: 0.0%, D+: 0.0%, D: 1.0%, D-: 0.0%, F: 1.0%, 

Professor Spoon, GPA: 3.47, Above average
Enrollment: 50, Withdraws: 0
Grade distribution: A: 48.0%, A-: 26.0%, B+: 2.0%, B: 6.0%, B-: 4.0%, C+: 6.0%, C: 2.0%, C-: 2.0%, D+: 0.0%, D: 2.0%, D-: 0.0%, F: 2.0%, 

Professor Mun, GPA: 3.39, Above average
Enrollment: 30, Withdraws: 0
Grade distribution: A: 40.0%, A-: 23.3%, B+: 6.7%, B: 6.7%, B-: 6.7%, C+: 6.7%, C: 6.7%, C-: 0.0%, D+: 3.3%, D: 0.0%, D-: 0.0%, F: 0.0%, 

Professor Wagnon, GPA: 3.36, Above average
Enrollment: 48, Withdraws: 2
Grade distribution: A: 27.1%, A-: 22.9%, B+: 25.0%, B: 4.2%, B-: 8.3%, C+: 4.2%, C: 6.3%, C-: 2.1%, D+: 0.0%, D: 0.0%, D-: 0.0%, F: 0.0%, 

Professor Sukhee, GPA: 3.32, Above average
Enrollment: 49, Withdraws: 0
Grade distribution: A: 18.4%, A-: 28.6%, B+: 14.3%, B: 10.2%, B-: 24.5%, C+: 4.1%, C: 0.0%, C-: 0.0%, D+: 0.0%, D: 0.0%, D-: 0.0%, F: 0.0%, 

Professor Wooten, GPA: 3.19, Above average
Enrollment: 53, Withdraws: 0
Grade distribution: A: 15.1%, A-: 28.3%, B+: 7.5%, B: 17.0%, B-: 17.0%, C+: 7.5%, C: 7.5%, C-: 0.0%, D+: 0.0%, D: 0.0%, D-: 0.0%, F: 0.0%, 

Professor Gu, GPA: 3.09, Above average
Enrollment: 35, Withdraws: 0
Grade distribution: A: 14.3%, A-: 11.4%, B+: 20.0%, B: 28.6%, B-: 11.4%, C+: 2.9%, C: 5.7%, C-: 2.9%, D+: 2.9%, D: 0.0%, D-: 0.0%, F: 0.0%, 

Professor Owusu-Brown, GPA: 3.02, Below average
Enrollment: 45, Withdraws: 1
Grade distribution: A: 13.3%, A-: 15.6%, B+: 20.0%, B: 20.0%, B-: 8.9%, C+: 8.9%, C: 4.4%, C-: 4.4%, D+: 2.2%, D: 0.0%, D-: 2.2%, F: 0.0%, 

Professor Bandyopadhyay, GPA: 3.0, Below average
Enrollment: 43, Withdraws: 5
Grade distribution: A: 4.7%, A-: 20.9%, B+: 25.6%, B: 25.6%, B-: 2.3%, C+: 4.7%, C: 7.0%, C-: 7.0%, D+: 0.0%, D: 0.0%, D-: 0.0%, F: 2.3%, 

Professor Liu, GPA: 2.83, Below average
Enrollment: 75, Withdraws: 28
Grade distribution: A: 12.0%, A-: 12.0%, B+: 9.3%, B: 26.7%, B-: 9.3%, C+: 12.0%, C: 4.0%, C-: 6.7%, D+: 4.0%, D: 1.3%, D-: 1.3%, F: 1.3%, 

Professor Tantihkarnchana, GPA: 2.78, Below average
Enrollment: 143, Withdraws: 3
Grade distribution: A: 2.8%, A-: 14.7%, B+: 21.7%, B: 21.0%, B-: 11.9%, C+: 9.1%, C: 7.7%, C-: 4.2%, D+: 0.7%, D: 1.4%, D-: 0.7%, F: 4.2%, 

Professor Bradley, GPA: 2.73, Below average
Enrollment: 37, Withdraws: 5
Grade distribution: A: 13.5%, A-: 10.8%, B+: 13.5%, B: 18.9%, B-: 10.8%, C+: 5.4%, C: 10.8%, C-: 2.7%, D+: 5.4%, D: 2.7%, D-: 0.0%, F: 5.4%, 
",,,2024-06-29 14:50:48.513857
"CHEM 1036 - General Chemistry (3 Credits)
Average GPA: 2.5
Professors who teach General Chemistry:
['Arachchige' 'Bowen' 'Wagner' 'Eddleton' 'Wall' 'Geller' 'Neidigh'
 'Orler']","A: 10.9%, A-: 8.88%, B+: 8.82%, B: 14.0%, B-: 10.9%, C+: 10.1%, C: 13.5%, C-: 7.1%, D+: 4.35%, D: 4.07%, D-: 2.03%, F: 5.33%, ","{""type"": ""matplotlib"", ""plot"": ""data:image/webp;base64,UklGRkhgAABXRUJQVlA4IDxgAABw5AGdASroA+gDPm02mEkkIqKhIfG4uIANiWdu/HdOtZ4+kvXjXypBt/+K/yH7Kfv/5ul/O5f3v9gv79+3Pz81l+z/2r88/3P9hvmP2a9gf9b0nvHv0b/af4n96/9P/////94f9b6i/1b/0vz////2B/xf+V/5v+9/6L/1f33/////6x/2O9zHmB/rn9t/cj3lP9N+1Puv/wP+7/ZX/kfIT/Yf9X/wfz0+Nb2GP3K/+vuCf0X/J//T2fP+p+6X/4+UH+yf779yv+J8iv9L/xP/q/b3/////6AP/l7Xn8A//HqAf//2b+nf+G/LDzX/rv+O/Lzr8PP/tB+Ufxff0X918EnVX+y9DP5L9zv0/+D/cX/C/Nn+N/5ngP8xP9T1BfzD+jf53+9fuLwEFtP/D6gXt59I/2X+E/dn+/fCR7p/vPy7/onwX/Cf4r/We4B/TP61/lfzv/wH0h/xfA3869gH+Yf1b/d/3r8sfpx/qv/t/o/9j+8ftr+oP/h/rf9L/5voO/m39q/6f+E/fT9////97v///9/wV/dn//+8H+2H///94c5kIxzjnHOOcc45xzjnHOOcc45xzjnHOOcc45xzjnHOOcc45xzjnHOOcc45xzjnHOOcc45xzjnHOOcc45xzjnHOOcc45xzjnHOOcc45xzjnHOOcc45xzjnHOOcc45xzjnHOOcc45xzjnHOOcc45xzjnHOOcc45xzjnHOOcc45xzjnHOOcc45xzjnHOOcc45xzjnHOOcc45xzjnHOOcc45xzjnHOOcc45xzjnHOOcc45xzjnHOLN5PoaHvfBDV6vGHf/sWID+4SbIxW5ngPJxeaPDyvtVczOg78MN962olQbsRgqp1FGL7WODwRehKDi5Tf4aIbFA/UG78t0ri+VpErkt9FGGoaOBhWEpSW4JYBMV0kkNi6kO4TXIcgkhESewMGMbx8kgAe5KKQmkhZR9Bq7DzEwa55VapgT/ZiplHlNHlaHGyMZV79wncw4haUQ9vFvpkoTDZriTHcgxCrkBlsyEY5xzjnHOOcc45xb5BaLS8rbwfsCRczYXy24l7AkXM2F8xhTewJFzNhfLZJAEQutmQjHOOcc45xzjnHOOcc45xzjnHOOcc45xzjnHOOcc45xzjnHOOcc45xzjnHOOcc45xzjnHOOcc45xzjnHOOcc45xzjnHOOcc45xzjnHOOKrbA1oANyu2Iy2ZCMc45xzjnHOOcc45xzjnHOOcc45xzjnHOOcc45xzjnHOOcc45xzjnHOOcc45xzjnHOLKB6cT1rucBV725beaEjo89oF5kyD2EMDM1EixFsCQEgJASAkBICQEgJASAkBICQEgJAMKzpAzaJr/9+kX91w8K6EvG/3MJT2vZEoGC+NUIxkZKz8spl3SAkBICQEgJASAkBICQEgI/JUBjqvvuusi/9k56XVqqGLLSH2MtmFRR+et2JUMXS7I/Qc5H9z/Hfnau8plICQEgJASAkBICQEgJASAY3ciqQIeyve6nc5RRWNC0fGWmQer80KE05uddro+DcY+fi1LNfliQEgJASAkBICQEgJAMKnzkJy+TdLNamgW16xtMggl2iGeVZb5UOy3pXaWAP1nYRjnHOOcc45xzjnHOOcc4svPai6OSAkBGFMHvfIk6RtR4II5TxIxOh4Fo1NnmQAmsICBdLNfliQEgJASAkBIBhU+htgnoJASAYdvlXC2NHOK6JjvYTjnFoE+0GwvlzUqIF0s1+WJASAkBICQEfkbqcJBC9ze2mRlpbBv/x+CwXZMbrRI/d67VALJ+CvZ/7w5sBsXJZ81v9hEjogXSzX5YkBICQEgJARhOdrGFx4Y5xzjiouQTc5mVA1z4H14sAcKwfl9gaQjHHBK7a0GOTSFFi/8V0at7EBICQEgJASAkBICQC8RXx4dfDcjLZkIsJnv8TgBr/0Wc+Ec8S1cIkmHg/2IiuAJeo5zeNQuOxbflGOcc45xzjnHOOcc2QCr66e7aZF3vjQOUzTPo37dBAU2cglP0HZvtGcrZyhv/Qg15xtwcQ2q052w1golRon874tvHMa9rHIMyYO/H0U86Wa/LEgJASAkBICMMWUZrBGCtczmVUUzkJO+JB/c1kMfeU4S5U29LUbaVS/JnrV0Y0XNephXO24SAfizX5YkBICQEgJARk3ZrzRZYHAuODPrYWD/63r/3hzivRtwc+J5syZrlpJc14c4RIb0/3/wfq/7m76mbNir4M9xLC6Wa/LEgJASAjIEhbzmyqEg+ZVaVCGFFhY19hdLBne7VkJ3hdOToednoQ+NhWAUcKaZCMcX85x4ZGJASAkBICQEgI/MCqE+XqAukg7VAvQC32AhP+Kz8ObC66DmhxZoGa0bL0iIeV5RG+mvyxGS0JQHuAkBICQEgJASAj8pqdH9DRzj40r1mPNzg+V93DEskPGUUsOPfNk3FNgBw7ZsVV43UDKQtE4XkhBiPeeWh9rz7IYCiD4XaWYOIMSAkBICQEgIx4gMSX+4v2ljCQEgIx0Rwd1v2OWhSshfThYPSWln2tQYSFAfWwzRN9VKbDbw7UMNdfjwEN8sPEbY5xzjnHOOcc4tTl5zOgJIhcItE7bJpeY42s0NbDfAYMe59SW2f+Hevep80bTv9ZbrxEnVfYClm0drhgzV/eHOOcdCTAIac2hGOcc45xzjnHNlwJJ0188xnOrE2Dj/RWCRu7UQDIn90zTVyX35UHM7oKUcHgj/0mmawFpybF6o2dGEY5xzjnFpm2sPXYXSzX5YkBICQDExr98tMjLZkItSJXIVMjuB6IyYZ5Sh3w8ZJsqLN0zydqGMWXNbyqGMWXNbyqGMWXNbyqGHrS2YHOOcc45xzjnHNlugjmlmvywwpxldderHbVna8dP9kBUq46nBRL8isQbx5YB8OCPniLXaSOVZdQojPQdMTCSkcOyWqwAQz/QGY4bgU/sQ/1/yxICQEgJASAj8tYyfpmIBnSMwbQGfOu3YEJv69M1mpoexMGC5Ctm4G8IoP8XQUQJOG+76ZgI6qmxjB22OpDDkQWUZkEfRMVknr+AnObxw2QcwvF1a6G3ETRPNATut1haF48OzWzw9J67w5xzjnHOOcc41kn0duM848M5/U+/yr/kqdiOMOQdjE/O5CKGQIwxVtTQA9JQrtNWCKM2DIQbgW8fjaYsuZYqH71yv0oMKjliIVHi3Eoxmv7Xy3E74cXRjZ/XnPFFWoRjnHOOcc45xzYfxk3J1EFtyhMbUodkLJRCgHozvr8ctYdeNbKYMZAZiwaI0FyzTxHFeAsn7RnJf+m9QhtmgZq8gmXCYK5AsBjFKWgyZ/wgKFVhPlkUYstLxw6MXIfxICQEgJASAkAxPyVR3Px70s1+OW3Mjo4i/laFeXZhBOeRmLWBF3tfr6EyoFCQeH3BVotjTf0YU6rbzHYJF22dk6iaSA9x4X/ez6iK7Dcvqt0CHquPjTIy2ZCMc45xzZMy1xlRmodC0SBBNan7KiGUYy6SPSupvwoDI2rYy+H/tphp8yvYsI1cEYxtuDCTvUA4zRVHT1BmMbeUPZqACrMcwGl25ly6Z5r5skEmuKB8P6hYQ9FEWCxZr8sSAkBICQEgGJxAja2V1toCDCEH47AWqEka2yJB5kPPiYczegoFhhJeMgYqajPmOhKyjqbMo8VroSCzWjunRNJjJohSc37srJGF0s1+WJASAkBICMflMdXxlsx9zq5G4PY/dflfKloC4qnYS3996n2DIQ1brV1ezjxfQXFozTBUkm+stalXoNBKAwdRZ3yuG5tCTxIt6wgJASAkBICQEfkkJrSdJZr8rHhZVYS4kGe5GWmzUhWgYU2+ofBwt1T4ovCferhXe/8huTd6Xz8GE8xxWwX0pLaztC7eNu+FnNsfipqgz2dDnHOOcc45xzjjhiJ4SFzdRAab8rSLOq1zZK2mQjFrXKzoGKhx7v6ohQpU39bGbEIXOqxnruC+aTh1xcQJCMc45xzjnHOOcc2QDKJIJKFYbDZyz0gCAo+drlICdyLeB5w86ex9z6VYmV0i5yZY3IExpgRkwt3AmvNKM9MLCEaVdWjsWvxss9Vs5v+4UUJJa7UJlFvTTGK0hDdqZdCjywlsjLZkIxzjnHOOcc44wQTqM0XHSJXeHpteQI4RBEZ2nEdAZyz/asJxXJCti5U6wnt8rzqwuFUsc8VHBLaWI4JkiZn51+mRlsyEY5xzjnHOObKzKqV8zgLCnlxtYVnhp79GEY5xxkYJXUrlphXQK0tvfpy/XMDcxwU0wJASAkBICQEgJASAkBICUIW0YxNLsbe7+dcVtMjLZj7mligF+VlQPeefoC7UoQRg86pCQe8Occ45xzjnHOOcc45xzjrr6+FQzSghNMP7w5xxkO/K1FsX5bMKxuGmGy5GfmEEpOiyUY5xzjnHOOcc45xzjnHOOcWXPOLNgWBNHDPIHOOcc2cNXAoFtAQK6gsnH7APcwcdwSVvIsrWT9gSAkBICQEgJASAkBICQEgyLDuuCpS4FwErUQjHNmYZCcCCEWUN5tKZdschWwLpZr8sSAkBICQEgJASAkBICRHHPbLScmEXQPDr21NLNbI7V8fCIegz/myL9TZhOlmvyxICQEgJASAkBICQEgJASAkBKHtQfokK2t2ltV/eWKYYoa6Fwyy6HhEEet4TdUC03ceImU7N1vNQj5YkBICQEgJASAkBICQEgJASAkBICMgp58/OojXQNSHSSyhKDQTPDHZgIaZGWzIRjnHOOcc45xzjnHOOcc45xaEVZ3aZCMc45zgEC6Wa/LEgJASAkBICQEgJASAkBICQEgJASAkBICQEgJASAkBICQEgJASAkBICQEgJASAkBICQEgJASAkBICQEgJASAkBICQEgJASAkBICQEgJASAkBICQEgJASAkBICQEgJASAkBICQEgJASAkBICQEgJASAkBICQEgJASAkBICQEgJASAkBICQEgJASAkBICQEgJASAkBICQEgJASAkBICQEgJASAkBICQEgJASAkBICQEgJASAkBICQEgJASAkBICQEgJASAkBICQEgJASAkBICQEgJASAkBICQEgJASAkBICQEgJASAkBICQEgJASAkBICQEgJASAkBICQEgJASAkBICQEgJASAkBICQEgJASAkBICQEgJASAkBICQEgJASAkBICQEgJAR+AAD+/rMgAAAAAAAAAAAAAAAAAAAAAAHV1Pwjie/mYtH8xOhuuUB4+7oWAvgHydKZofrtI3UZgs24eTD4EzErFdCkVPcEP6mcR/1nN9F/leS5oeAmG0Dfm3s+UFLNEjwiwVMQbj577j+PNuckgQtj1fmXYQNEmz1ooo60c+m96RrCFQT8GDQz+acYp1fw+HrzlaEvLN8oryR4IPDBFTGuza7bX4/6cGwAKgPX5rukP1MNSmU1W123dttG9teZcqWIxAEk7TIbRZ2aGPBgFRFR9lPrYBLclAtML6vbaI9jAH+LxNLMr9n7e6+mREkQz2r/9fC/KV9KQw6EThs8E+NzSVYiicecMK92fDfZzY5ItNxJRoatBhWHInssgSaE9xe/YvJlyoVRNtWOOIlyeEu8RCy88KO4G31zpNuWgElGtnYLl2X4NOpVa3Wx8OZReXLe5jEzxYJz/JBAVhaq/c00+BQvxxrT0lYYOZ9RsOW/cN50hKC/J0MvwPR8+vkV4jhXbA0L3l7Ol9F6KM559jTAqTkng6WMkxr/nk+QnYFhxzA51klOqf0pqFbj8dQ+LFaEjehXoLyIJgdMeSpHFykgC7NeUYNDDpVjBM0yqNEtl6lEac1JjLVbAEeJa8qPYjal75ANCPKdFkb1kbcOmU6RMoj3ZJLVLFWQrYshnexaEgpBnZBQQYJlkJ/7eY/2z5meZa2+9gtQ33YJM19Ad5qohIayJI8deZdg5beH18t8xQnVUrTjjsUaXJsudL7XRg+5u//QL7WVNdUOFyFTNmoKDgh6xr1zEeK7zz8KfelSRPo4TGbmWVZNczUqW9V/GBLTNatmRIfOM/SaStZehv0A8r31/73LDPcI1mo+Ewy0XCvszLj7KlJ6FI+kjQ++hvGLMpxm6ibp1bLigGfhXG7G+qkPIprnY11YQewEPyaOahZEtiEwb7Aba8tsUd4zreXqdDGamiFKH1zQzWrS3KVHbFpaMvbsh0T6PnETxZM4MDJMqjpVWSveyL+5qnfUrXQKLRB/SEhnDfF06/Vbuhjbg2p50esGGIyzh72seiZKHYVjtLvT/u+pJ6+eNdKsBb7331fFpkvMl+J3djFoPGVbd0TrTJPNkWmKG7YLF58O2em+vX40yfyHOR0PESWl8scjGDATL/qgAGa+6ewlvTLsDnF10EFNkR4ANtl9HcYxTWM/OVVKEibwLs2wtBlPdUVFe/bXlPAHPE26mlu4/6eF6yvznunFtlO2s+v5LdX0ZyfUyfThZ/VTr4fVyzUd/2QV6dnyCb4vlv+CjJlXMxdaR4Nuwbv2z/PrMNj1PWHwUx5reg61R5ODOBcpMxsWfUu7TI7U1MhhQyAi9bLLIC6fMLsvj+PZEs0zY+cAPEFacP9Wc3vDQMT3eCiuZIYYYOny4Yid8vLY2ab4sXVSwXiH6aj1ngfV/98UFPPDJStxPmboAnooEtitXNdqcNft6GVEHzwnX+d2q0guUqEAqW7sHG5+0A6ZKw1u2uOfmpDf5o3PxPBX6ejei42Fq6PJ8vXzE4E6Uk752WKR52X0Z2lm6iRJ85IjMsLKk5Rjw4lyL6PLbPAmuq7xNr7qAQNl1s4Iwkz7O4OgXhFMBbtVxVFqs/N+MWiO9DbgmeD6VqJb3vYYKtSHYoA8Ai9OoMJU7dcBD5+NPPn3wC+t7IMwXXM/A7+F/JBVeJi+RPf5JGrty2ToxANOBoj1PrX8AeV6gMsZYVU5jowyUFWvruB4sM3NDdHJT22Z/5yn40omi13WuvSqSE/4WcwTlXaNumVFq555ATqx18SEzYImJnhLO3Lrb8gWcZvC3a8wZ5KcbvJnM0Y2/BivAE66gwQjX22N4ZUHslUjg+Bz3TO2KVZpXcG+vZASUDw345DwblWSQ16qhJlyPi0TtBs1nF+ZQxkGXO0q3I0mUS6CGZSjdmHhgSS+H7er2MEoDqnxNzpyFJMrAq7BSed45zYEv3r/i/pv1O0+3hECWgXjPWEHKukHM4QAdExw+KYXcmI5OAMSPFTJ0CLUXYINOfxWWzzydhClU/E0/2MMrxdl8qlUwwJrpE4fqp4KxyMRmqyzoXuTwrQZLu08VI4bGPCTLskSQEVMn9C2W5YPeB2KLojKouMRnXDhzuP9LujeqHeNP6fRzoBwq55T4eMdVHffrtXyKGzk++dnMl2t1vn09Go4R96EHJnrua/Howl6puYw7rQmDGbI1zfKnyRXxxrDQsoW11JL5gsadSrju7e3d5noreHpw0HBMfiEZuGD98n81gukcAKngCu++mCR9yYl2yssR9L0QCzxWqerl4PEK+9db5DRueTNJ2FNu2y2wC0Ugzwos1UQx4Kc2iO3MwEnr02Eu5LBVl66k6tnXdbviVxYfn3gsPh3UGXFUA88WtlnXsk81esfvUQW14+1l1fVi72Pt5tjQNmDpomi9OYkZI0/d7GmrR099xMeFkjMfyvGPZFql2vh88E2NiflK7OvSLVAzjBc14ND8geXd48LPzbvAUXH0HO0QEESA06bxkXEw70ZmRiNdZNMrIYSnsAOdHqStZehwKbLhs5+SJTij9kDjlv/fBUrxKB7cEJGHnxi3hTnyGb/14HMFwxxQd5CK7toKd5KO5S+WcF3oHMgAclJzacMS7PcqoSZVtnp7yf+iczbuanJ80Hv5g+WG6NvLfrPyf1X/WliLxMBCeHBrfKkkePi6zaKWMjCQkYFeff6hbu4ZqDonL0XXEtmt5zLrHODCEK1NXJh7e+4D7mYKWKg8ZnM7UNZxXul/yi2X0GSMFnjFKMTCVYu2Fp97q0fy8iT4bGwlVtjo5fBtOlim+iHQ3ukqvidmdayPI5fObFndsYU4UVsJhaZ+kIcjDPDX8RUBOJImPzXxeQZPp5uaGBLzH+cvTg5YDSW9e3+VCO9dvRjOfQqH4+OzMWHfTiGrn3VWvgWFw91Fp4oofJioJK4aUwOez65nagFmlXrfOlwJ8n9fgloflS6evh/EZ3/jRcDe5OTxgo0d/NvPUIpIL96v8xyBQGmw79N+pc5MZhaGxaeLa8rTc4vZxdporzE2rI3edd++GVUNU6bpHAbwfvsLSVojBqiar6Vfyce1cDe33vO9RdK2Bw94YklhpNZww2AHNJH4fIcsFzOas8tr/WBtky9Q6wfKEB/P7Ne+fHx6x7x3vXjqhAzBTlvq/OQQqTAvx2hpkny9WSyxnErrkAC5QGBEGkoOdWkgJ271wdxAf2iUlgABGH5xkwPym08l/RNWbTAtBgAAAAAAAAABfUHJAzDTyIN20w2B2zZpWIKumev//fJHoL0OPx1eTu3Q81rVl9uuYhqSdRe3S0SR5sHo17fg991LBCXQxV6OEBaQBfNGEF6uXPl7XTF/F4MyBjwgGyCUKbEAsKQdJ1zeHyybCMD3+j+nXz3AAAAAAADui6K49wT0EEhCjjMrFW7z03fRXP+fDTloI6eBhZljxAf6ZEOjat4/wbp43H2eqUNxY+tJS+a1a+YOJjRqUqAqySDdsunFd2jr/qwDGsSXNDaG/AjbFl0+SUIMinwpPjCKZYGzEZdBmPxxw3Xp6VLkWU0CETEFNVEA/KRyhQ8A5EWjYz0NI6L2a0iWXMWgK3PBZTJgZTRlVvvmflaYQhw0OpPaDlEcxWvqV63DPXSWwte+0WCiQxGu52MzKlCLr2qDUVbNT9HtghRUEaSL+4J+S8AjMdkKSqiyevN+mV5GsuxM3eyV/s6sm0eKpi/lcUnR5fQ+0QDtTdqGR38NWVw7DLufFzIzXLBUlcVvUAS8F0LyUtKvRu63HA0P+AuL93I/KCTdUcN2ef+QBWAAB4hBG1i2nbipg95Pf/3944/L5HHP7msInBRTwnFcD9YOSyxO1iWbs/rEB+Gt/mbl21sVZDVUFBCciH2r5hzShN4sEP5kbMo6lwofm1oru7nLCDVGSkhrWrFyAuF12FOumlpH5jM3IzPkHrkOlBeWgILE5CR5I3pN/pS7ZHfrbrZwlwhVRYwzSqmSo7syl4qzlkYIoKDgSuK2GsNOFJe/R+qm0VkrojFSvnBfV3juX6IXG16I9k2nkAi8Z4KPHMyAAAJVOV8IFC00cwRcAoxO8U4CgxU9+6o0zleiHD30jgIrBvJ24ImiALxz41oVuQY0f8NRCknXclAXxrZ0H7sTgzRSemdoFZgyXsLh6awiwhSBOFOmYIkWsZAmzFcWomgGe+WIODV5KUKikcr3+bAZOUQDWzyMulfwn8dLi7cFph6/+0HJ8tc03LIYfxloXlua8l5HAbQ8pNw25/9TFY5+OhVKJAAAAM9A61SKnvh0FUL7oQFU/hxawL9Ii1Bu+37krqQVvw061ZQGEy27iuz68Dxa/7tF37JxquCActbCeR1La/a7VGpHAiXnz1XIqjngxwZNzKqoFfj9ZjjdhnwLEbDVLPvEKx2T8ISldUaVzspAiwbWIvnaH0ZshVbR7WEpFE9/6VhytyRQfGEnU1dEc2/bD6uCFImt7Budfr+cfuLuAQEEKLmBcZPQ2OEH9rfGysS8KvGvK2ZvGYqfiAfiNFNj2w8pTj/JiCsvL6TmQvDT8c1Zu+glPnWw/kor6PYy20Nes0Z2t3dSI5+SmCQh3pysvsQL2lnD23CodGgVFDBwEyHLYGsmECJJhXYPNL3zPmMJD8TbG3LZnl2xMotAEt18Rlg9JJi8jZAlWQqDGYqaooXlbftl/YYviHV0+ZBPb/NTpK5H+bU7wrc5lQhsZR6UZOcByRFFcM50r/Ou77sQkuEjTmziuqwWkSrOQNasUA6RoB4ppbj+cU5izfsuLk/Avhv+9vpH1pMYsatH6ynjPNFcH2h0TcD2FPFLKy1ia8Bh8cNL6yL7Qg7wACacgkzqDLXfMT0do9pjb/+XWRKsigdsBGoaCeh0PYVQ8BYhhFvxeXLot9D1OWI+XeJnA6FkxG+IfevSh08eZ3MtApM0tmEz0/ZJhPvP2Yqbhpu899rGtj7bH08KmXxtNCQzUQDJu8c5/iP0FWGGIGSr7sFEhg97NwEqBIca/lu5o4X9jjy84ryAHIA6V9N+CyfPznZeERPBuwt9Q1yUqlAIBiURPGudnAnJQS8aN6Ue2AghSQFsJcXksqZK5BZirpAokL7/FN9h85a14gMdhB7eoc9hoJNHmAE3sK9ZqKS96MKc287irsWkp7v81sbAIKBPTrkkKe1Jd8g76KNkIFGeNLeHdPVHoXSdNlhRww6Jk6dDc55KD3dGuwWSUOb0/+E+4upKvUgPt3m78RYpRpmPUc382FbNeQ0mABXy860Kpl66c2YcYsUri8AAbVZnjtdboUgvIrBWHeQQiYdRukL2X2JbMU1kSS+W2S1N9oE2hJJYR7vdPEIQnQbseriy7HG4+VFyKIFiW7ethYiyEKLReke2FC+oJ+Aq0PkxGNS1IqSpJCeeQ0ADg32LfM/TpfZJgklaNIaQSq/eFI46srki7E3THhCJwEdcWxYW5ZeI+s6Mkk6CNYSl3WRcfL5QWK98IiJiSIPQGyVK+8DMACOAVUW8kk81JcOdunroguiyzLlcRNgehKwBNx/RcHvWykeY7m+bokbcvMSZIY5Ow8+Z8+FjM28Dn664dsgTrPGOJeOWvKHPPFcAmxQLJRIkF/kOiIC+YJUcH7j/1TFRIZzR2qFje8LohPUer+mxI2bs55UsecbYKHOASQySnVe023M2GocN6kGlii1na+Bz0XDjZaoW6La/LIG0tkNmveiFLcK/VDpRU3BZQRaSyME0WBC0GtiDtFPeIsQZlge5d4q58WAMSdWTgTJrYNKt0zGcNYxNZnr8Dz0jfr9L7T8WPvccfL/IqTCVJnxPe8psN+Q379+iHBuw/sL9gpCH6PlTta6jT832UCFNPbrg+LxFG5pdikC/A6vrh4CA6M2Ur3DqW0ADuzlcEPAhaHAGVGvfUxKKpK0G/86oayBn7c4Qn0gdwxfITx/ziMvCWhF/Th1N0vP4Bas7hZROY3hpStIO3i6wx8+VJCDFy0Xttwg9QAQPGSSM2503C+eg7iqHfL4Sh5w1sMzp11OXhpAb+dRg7+rQ9E0dsOY/1zHh5sQ0aqftvwzQ/0NUnO2Tu3UBWIoCIcLmVijX6+sv0AgSkYKr0vR0E5BMYr9bE4FoekItdeNXwvgR5s0Fl2YInJwDbxcqcDDhT8OJ35f4cjLpWSMSineYKMKmT+uNm7PHHC1+rSnxiZ+yWkMQlub5NruffDQisbIuVdex5+SmTTjmqVmgEAXIxUj6T/fAaKGlCdiKtylRkVQgQEUO6AwAvwxYODA3hNSX6Q7HBkJXKzYfFzKkHBqMF+E3CAxRUsV7Ysq+VxwOfm0ELzuDgnnQTurEB8889e5ZX8LYPTSRlBL1tGa4itt4dVHihhvnYm/6p+/KOVhKLW9+P4eMADscRDQTSdzJ7/6qcHh16O1a6bIe9KID4WvpzJwg8ZIvQSqlq1IcgvK7NHBJQHujdjtfkXWIKPntGItweLw/2+GX4cxgI01/UouR7G1Ht76Ws+GMkQBaRPEt6z5IiQgw5bZX899cfBirvLsrDCcMMrtt9jfqJA49fs4VoQV7LCVxYRRMujinqvRf9tmjZwteVf7DiyXp/eM293VySfOpERdG2At1NyKfqFXBx/VMjoKjz1u3nN85Pn7GwM9YcSwSE4cu3H3WwiNQMGCX52rs68j07eSWtVDSrS0aTj/3fG1la+7qA7L4mL4ErD6ozk9F07gfgcqooFn6uoFD7pvL6eh2bLNv5e3HqdoMnbHs7IpkHNiyDOdFUqmnkVnZjelZclgLK+5QPXDg/2HsTxL4D4iNLFCYj6/kRY/wnf2CTh6bSMLStt0aKldS/zBO8Jm8sa2Xwrd/lwidvTVF/VRBCAjGjodt/MYqQX0qdbXAO1+Yw7sD0j3+SjUr689pdNxtUshHPU6l7BpOZMYjjRmFlF6pPxBO6792lB03bADofrLsWxQmkDHYIGbPW9/oieh+EvyleC61+6BYjvrvHKbUNBvq4W9t4NUYizwn/NMDSxXkgJSpp9xmyrbOhGyb9avOMC6zuroTlaCIZNOvaPCazWVveWmKYxUBICs5a+Fh6gGiHCNn4lcRoOcOe6Vv+tpfS10We2ajTVVKX96BzMaIIJYnT6XcBaKgark8e4NG0FjW3lXpzAplmcQg/UuZbWrmWGi3jOfZ1q9NgHq37ILcHhVAvrgKmIaS7XXPeB1QfjU+4jXx+sWG1wWbDK9LqmYEFe5uT6YYuQpOeZC1JIzQS9H0ZT8HD/0wC5WXnIXJZ/gIKCAKzJehrCyMpo8Xa3OP4jOjR2if1bvpBLCV4Zy7sdmmdhrrHERvzqK4To2ppHC5Y1e5Rs4ah2Ge6Fiq3M7VEFRyKtQ3X1cloMDy795u3ebGAl5nan/ufo+Xjo+wlJKX4m6xhrS3Eew3GZzULpD7zNmYZ530IqCrHlFVslLJUm5m4H0gAEw3sMlHr6owDGz/YeOUfFFsq9FXsxZ8HECFhqd8uqBEYM5RSmu0Bz+dm21HP7guvM1/CmSf31coRUZmwAPzUqVW1L8wXwMPl/B1baY2OR650YC12NeuQc4YEdQZHHMhkhU47/7NfcNzNF5V20ulwADEkmbajzG++WVC80R8nz7mhip0MncpulFGLnGHFqM9GtBwq97/f322o8nBxLBNOn7w2rFkdYtpimffh/A0HH2IbPDxP7FK0+34vKbh2v5ioZrVNwErwE4DSy+RiJeWYm07T2PzoJcg3JN350h/vmg00ARkGeysjHf5Jizyj3qGIP/DyuWgsrsT/+ThnnxUUP1EHS/xwjbRl26Z8NIDmK502+7CA1oYI9ZdcUVpxzUUMaH2xwbBbdvw9XNgsZOBbvSS4+km7nW4Yh491mIgSsfQU0jeEv8qkG8w4nB380HzuHsgJ6I4Rmx82ygz58+jmkiQ2sOeMMUmZZhjcbEvFxV8tvZXasT62FFk5eC9icLC7+NfZxuqAHjbqoffqMHews7CUfO5SPRBqePBUJ8/RkmypHGcC2wFHen01rD1dc9OhyQ2gEoe38rI7BJpiVfBqb6kGoHYdqZMDnLwHT5+xUZQGpfPDBipT1BOa/zqdo9LCsU7gVt71+ig5826sSnWSAHUDdQZKThOQaf+yp/FhVVhnrou1ddlDcMeBcCaOohb6KzoCVQ2LcTU/1cNtXm4mWHH+ADIVDUq5FzUHKIDdscE3Jf0el1itV54s7xTqfTHG6wOLRsRbSQv6z/cKKzXD9dQIrYHMNikvw+Ce6yutouUcU0Z34NNL0nVkwWLVctAC1DpFu8tyDY4ndBp130OJhdRIc7vzM0VLVvj4r/b2wN+L9kX9e8f7J6PMvRVabqqoX2HA/ysnmkTkcLdnXLqqIqY+x5mzPuWJdIqeMxxXdCEOL8GvIhPcj6jCV44HpKCcG+kVHXpPj4QfcO2r9G9Iqxjc7P8dHDv+k8yJd7kzUPUF98SNABoWvk7Y1YK18ZqcnS8sfrQI3EEhmUkXKseNTr588SM3kzanbsd+PTIqc7S+OogvbNAyUTOeIAE62gW500Z0hFXSnGgTiWCWQr8lQmtOwOWrbPE43qkVPjsp5786Ix5epE/kyhln8X78hegETrWSm78dCX7MZ9KezombHuYAr+KCWCcvcYMOmUT/iMDuzMcqUIPlVwgr3achDrj03BxhUz5WMBPJNr3Kw8S5QylAgeA4ZCV5i5v7YF1JSPJSn4gZp1gsLxp60wujHoIlOCMBLz7KNDgkTSlYV5LcjAiaMDn9ArhQWo6YWyn+Yo/zcndvmPbPw9bpiQkcG+kO9zmk6k6wcdTrwIKB/43osa1qvNSFGlu+a6vpk03UY6CAVU3tGZuKZBPWASooRszpVbXfTRNK4nYF1ly5bfITryh6BZIaJXPT7SNJS3w1J03VvqA01KU9u4F/DAFXEXAOhZ/EScEmmBipQAhqZoO1CtgHGNVnV1x1TJVcEM61neGLEA8YOCZ9e7tp+WHEmU8biGpU9yAihUJNb8EEv3qckks1rSKO6samgSCIjkrn7PPCFJacZ57aaAF/yPK3sX2CFN6ymofDo14sg1aiNllj3G+cR6QAFX+UQobyrt1lY7vgQZo01dMQTxoVzX4+QOkQWXtwSTGOnwo7GhAEQuk4xDvfzMp9hCY5uWo2xJwFf/HebszAuadv5UoAAmrPqJpulyY9HIX83lzkueawlT/+WY4EYOw/CX5QQITowCVsRs3NZmC1Wp9APqIQMyxefCfF2KhMHp1H/LOsEzSYJhDun7i6gz0BxD5t2eNAn7wLfhSjSD6jVLfXmPVdu0y5j9WZXbR1QfYHqhdPlwjHIACSkSG1hzxhEy22WTWRBWpI4Nq+3HYX9X9B8bHVsUYT4RaUaqOd+vJU9QseDzUqSqA7Ug5p3yeffny6ZosbTZEM6KDLpWfjLprkbuIpyEt4WLHnbyUZ4jjIbQHWrzz7sGn0tLhVKmB7ijENtaUtcsmQKJt1mwHDt7Hp4FKgtWnXCJ7rbgCcQfGmvemYKhl75Tffium31MW4AYVMu635zaYOUr1vyasQMO/g/82uPus28kqP2CM2swcIoVimQ6AVsR04QovCONlxdh2eJyMhelkP6s+frEoRynW8V14Fz0JxgmoIHuDZf5Ab1rBMf//3fXi/6uw7QrwHESUQxYYXhw7q/J6jGJVwdEDw/x9eI7O1H/s/9v4p57MCu1NZX7MVCfPfy+GD4GTWIwKsufWu2bjeTxDGhq3LPfUObE7DC9TBHRy4OS46f8dDBszDDbFjvyMkFkUf4PD+S1/Gn/iG90wfBO1+lR3kQL8Fh0AVSVWppz0aFwCM5C+7Sns9xmwrvvxwYX0nnT7bluRFkj/LNOIaHIUIp3q/abi1ZkmlgLuobel98bbEmIhYgi9J9Nb6/EWviwt3dIX21S3UKmd62uY7B8Ry39SPy8Qe6agMCYYczTMDgjJRzfO6m3wq5fIs5CjkWk5CEE8Q4M0y5MZTwZtalmh6Ei7RZF6IClQ6l3W0pyrds8gNuIXZ52c104Z/6LwFow9mzrbGNbQMJSzf7BtjbOsOrSD+cZp1Ga/Ys4oF4ctEg8qwM618oRWnYeBmVK79c1Vpo/3MVDKNctzOulCnHf2mUkJjjBfGx04JxsYor8mbJTYuHz+Sy18HPir3gAke64BgADfB0VMEPd9ioHCbUMwDGOqe/5hy/Zft32KMexzfuox8Bi+2+eHpqH8vtBeZ/dDnxdKcrX/3/QTxWIUSgEh0xvQJBeVdktwYRKKlFIluYWIkmGwFl5BLHsy2ME1BA9wbL/IDetYJj//+8nkokasXzsHSvB0Dxqe32m9ehcPHajGR+Zr8W6rGHPLnXjzXg089mBXamsr9mKhPnsC95ukIYAq7s0u6xsmB7BSE5SfCwUgIvrlQD1qyzuem5dgHqxOSo7Dfw9no4LOD3hoMtAuBnN+piGlryHPug1/EnzKcaBPPt715zeUiyKVz36MKwYJewCjK75s6iXVtYprf/48lM+dlPx1s1X3WTnEEc1iPzcCYSyzMynQk7O8ZQN7085ayVUQ7QJP7HBkPZfnVSvSSqz/rpOtkkV3I003iCv9As7gg5TO5cyVTY9m3EEd6Gcuy3tyZuzKDwY0hqoG7bgva70G6HF7oyjyeSFeH8JSx1BMfqIzH+oBpyL7HNzj+GdfhxNMw290avQZimP7JzELP0KAI1cpx+a39GjYYfZJcpE4RdhFOtWa2JX/HKgr8aTLNmdnV1vmZvGaue8imjRXAVlts5Mp0AMtM+sd11yTTA1KRH0fVP8vq3D59OzTkM4n9tuuaWaQqYWZJQ+CNcsLWJVbfKfGHianuNr2bwdA8ant9jmg432c1GS8UXw2fwoPEmm0ftOxM2QvzQd/mJbN4oMCy1nDM4JEWQ6v8pDh9Uux2dqQWUN+ESkzbEnAV/+vjuC3EdtJELv8vr0MA9m9fgs/SaUVjPbfQ/WozXdKA0qWtdXjDg/lOdSdz6xaonCOtNXHL8s7ojeGkMCdSE3s8wsnt+ssZudwwocd5aY4y3Wd9DAshdq6rCLBZexZV5cM6SLvyOh/8DSkpR+k9/4BAl+6qojVKfKy+3DlrSed3L4tDqmByqqdeAjgHNeonWRsplDD7e/Pnomz5sp+2SOsbSwqvE7gtJKQGacvDK2s8372NCEDxMk+w250uDKjuApv/V3uodJwrmRU/k1MbVcXbW8NtcN+KhSGzGXHLpSWsKkXl7T1uwMbRIqQIZ38LOUAoH78hfDkLQ0hUg8kUSqPAAOG5+wJtU2XTA4zmozUo0O0QLnZGF8mAqhx/xCGTSbhuhjRW71jxeLJaCDfEEevIvxSMIyQkvS7hlVJeBOifMEaVJoQE9trM9NX1wvghwBT8+HxYuihDxPHM3zGCam4fkvQOM9vASc8PQVH5dH9JAJsinlYtFCZKrPx69MjrC5BFW5U4WJZS1dh9Wwv+Sie+ezAqPO7X8lCvrOzIzwBYHstomApo8EXSSgS3hf5h9jei5yYJ2O4rjrPNnq2BWGAnANZpN3N3XTpNXZmbnsJuMFYJ5JJd+ygVLMVtNwjgOyB77GfJe+INpivzOcWkPltAS9pPmxLr2s38Jr8qG7+5aWPy5DIJ2PxlFc8PUlIL+U7HKCWBwnWqIEP6MzU8e36f99zbUtEcMItn99BDPW8L7btoT7J9OTGtY9f6ldi/35Qwxcz2REwKtU1u1Kd5TM7lPRltT7uDW1GrolWMrrNxH9LoconPC3PwlUi/vy0pDfv4+LQp9SKFun8Vtkh256eKUmk1PXgjWFILdYnOLWL/IWzo6uJD+13UfBQpgFm5qP4NCwhPlLzpYRT8nb4c8LVyzUybNV98v3GVic60nL8SMtLeudxB6IY4haa+Dg8gsviscETJCi+nadXF3fmKlUVDqxSJlYW4gvH1WYvE5wjR3rcKqrwHpvBjQQuex42gKE+jXBOvz/qkXNrdZ6Y0Lirx/Zt9AFkqUN7V+jZOWKcfoTb/yqO4FLxIMYxhd7htdZw5gRXoY+sJb2b/XnltWoHqyH1IU08lDMm6xmkskqbymCOOFzUmQNIsTxwg8hP9+NZLA4Zwja0VMC6L7kwFl29vaqC9q2X+T5WAIaIsvWNwZtI+X4bVc60J5jhZn+kRag3eVG6bgeUp02Aifw9SdTIHOvZa/vw8YBejHJLfSCWv2hwYWlp5VM/kC1tHKEuQ//Evzm0iBIwYAMUZJ5DnFlyCPTA2BsOqVQemz2aKQBqWNxLH9EuQ+92c0W20Ax75Ge60ZqSRlG679kumAIo4laINdXeFfT88hEiKkAalga5Qy4IdXYCaRQo5ubvkv/Im/d6Fuu/ZLtj/PPw50rG3t5xm6Fngriejrh3ZpdtQB4kJjqpIl+WNnLiviQhP2/T7l/ttPyPyJ5jdZY6rRcaDqBWV1McTjgUJOOJihMF8IJ7fyIWyHDflI4Gm4gi3XqcFNqg1oeQSXbtEJUYAJ2uYYnhc46KMPnV8QxUMCUA28qf1f0Hw+b6P8qkG8w3cOL1HIe3k1BK9USR3xKXUTtzTTtA+TN2xBmGrQn18/c9qGaDqrUZ8DTwO8VCH5HNyI3QFq/orjC0zRU6ODw8+9RT1RhnOH+yNuAFZI72fPWSWBPEbz9qf6vjSXw19KQgJQAAOVR/EhzcJPxEvXtKxaa/Thcwl06wEI1mfDSnQO1d8nDY0RBmFebv/xtI+ssHHjEeBwH/LrIEkmrsjD4ShQZn6cLPjS3cwwS7F5fU82OZ/934XNhqKl3MdwnK5/zwujt2lKwyDhhW1H6gmuP9pwZXUq3GemunZzOUPdTulelGMlSOR0hZ3HCYvGa25aqSMOS0k2Ju+SmLT866M67cFj1GtoPOD4w9TzKEDK/7EoNakdH96vzOkSbGT+Gr4Yo+xfXkJnuVDLOqa2ZpCIBUDY7KMmuDyDlKlgbA2HVL+KIBEkB3Pb8IShDfeXR3NHuS4icbfv4UL5E37z4hRLj1rhstTsVv5PpJxX+UJDd3WFEukUqTWNrtdXYCaRQomBFPPbjo9FMzurX4uAkL9i+Y0BJbZtrOJF66IJIyOqyiTdo6SJVlOJ3OjjYnWXUhcHDoSEDj7TTB41HhKVY5gqJPVIQFpNgi6LHzmEc9fIwgQYaXIhLOV7DQSaPR6TLjwTO7dEhMFwofklSjws5R0LsWyoI4d2M8kjQAk+EfsG0SAAuvbFQygobRSA5XOeGGKbhqVDFrqjguImrp18oLZUnozNTqSWxLOPqK4rUp8w7AY9apRUKkSZxxK5OCMlHN87qbMMB1eeB8OIjdJlM2hmcEb3tR8DL1P+God22+A6KPSfuoBUcirUNvx8MBmbGJfhACkABOt6PeTjYrZ5qb6j9RLmaeQYkZ3APWyT1IxjltBUgm7BvqFZOYJm8PWyCgg+44X8bsTYW45O1KRyrn0DGOw98zdtVRxNn5sBk138yX6p29U3rGey2Ad0Euy55s0i4FQ5+8EuV9hZNxk60dWOpnMMwnhr8l27Ooy/rkhvx7ERfzIHqA8fScUSERvNJMqVzPTDquq89v1IGhIB5pccjDlsmrkiRK5YZbF959UIBvBJAcFGIvFLG1dbfjQd8hgTKn9WH4oGHk8umEqd/6O880e5LiJxLp8ihfIm/efEKJcetconPxPCCJu8r6U9p0a8KvL6WIQkK+O2fq7ATQ+o9JzZrTxjNSYgBc0nHreE+73IXtVNCivqY8DiC9LpCO0Hew+QhIltvlwfOglhheFLj6/Yivf9LfvPhz9IjcFS9WwwfMHUbBeb7aXYaE3ixSA/0PPmhtMHJWIvt+k1324hYbYSyKIoUzzIT4KmK73w9jQhA9N5//Z9GxvVGJrMdzLEUmCB2GIA0AYxaq//QZdzq/vJhRF8oL9Mv1z7WpzkuErbpc8IsqGZbbLJrIgjARAznCaoL2JwsH8nKHfTjkNy7SewR71QjnVXdgsxy14cCls6zcZ3MseVEkrdXpNmXwBkgzvXaoojSLy/zN9zT8BF3vfjSdvAwGBITib9GOT1S2VgLJeaxc5CTV5Wvumah+gAbBhsx/AE9RFvkJDucTAGc8UngEqzqJqGl6HgxRlAYA+xPlbvBNe4p7hv1M09UgTA5NdCvcs5zNeRQaNGXgJHJGJ4QROUGu9vEuyWIDlp4qg/UPuQWAVGRSuQHOyUQFRYVtiE8X6/rvOkz4s0buc58Dt5NqareM61Los8dhaG5XrsszviK0P6xr9nUlzzwyrlbmvd+hAEr8vdqPYiBK+mRAIG+OlSwxSSog9CpnhornszJZ4qVuVfpokhC37LI/SIPQzK8mfmytPTGX3Y8Pr5vZT0310Sd2w01UXNFCZMkDixZQ+c7k8lGt9+MUt8sX7n+hjD3Pz3ISllxW2PNXAkFOa1rX/LrDgZIrLPqztUpRBfX+vtb9SKzqoI543ooJYSpgvUQWhyYxB8wfweBvRNKacm3GvjeBH7JPfZoI9VdMVUKPsNsAAuNZy1m/qArukZnjxAlxZqn1AV3SMzx4gS4s1T6gK7q7fwDd/D5aSLDCICSM0dBCUmkH44jke5pY60AeCoAPFeSsuCfbSIV94bk3qMixyfEG22QWsrF2aGXSPEVuuRggc0T159EjRZSYFora8Pk/oEmSnz4XE1R5K1tlKJPlBee6SUSLzQM/Km6PcKZ8M6dI2iSLS7jxKTUWxZenCPYRi7G0WqdndBXNIPxaNHZ3guwCG+/Dof1gqqxrEkjBPUB/IeKIm1xXkyD/NiF0bQkIsE80CS/arWFO1PSpbyUJ4iAp0HvmHKAh03ub0FdQPrNQWBHRHrp4c1224NAjqLh4XQW2koe9TP9Th1CXYpViV/YCC+o+BRiNzxCyI8BeqP9vMdpuRnKM5w1MK7+pgHBrNpGAEW+f51PCUXZlYyrywlw/pND+HxI3bxP8P+VN/Q13SGvNiyxdgfLrg9/ERbxt/bsPWciglqBkPsoXhVhrssxsG9/21A08JUQtFxm23QQUIyygTk/lfRr/1pLNHN3S7BYzEBr/2PRHgNAg2ATna2uAvBPSBuiUBEIewKdHavQE3swEt+107/lTo76gIhfhQ0YQMXFmwzKlBvgMynesTy2JHeoVsN34gbiVzhG1Y7i2voKr7HC+CKS5JtA031auKV14WLYlG8sQwgIjdp/qRW9zO7QrqnlimqmDOj3D3Nzk3DmR5g5AfxSKf+SMTOq37U4fVT+R3zFX88TbYeXe352JgUqxsM4RnvFwr6zdhF3ornSbm4A1+nYHU+riwY8pFaShftIaEJ+p0G0mY6LKn/ID/2/NdpPdpoosARjS9BfLxLWpaJJZ0FG3M7Mti4cKVXrE4xYj8hXF9SChBOZcygadEdI0SPe3/DRdwSaPvU2/WNFRzB3oflU0e/olUIXjpysM2gigTNLE/AW7BZd3ycuxTeP8xYyMNBqlnFUFbePsYrHv0IoVpyHNU3oTUlP6rIXnqd2BIfM2oEvdQhhTpL3UIYU6S91CGFOkvdQVIR+rIa1wBvO5cO8MZgaqCQG84kL7znz4tw0qk3U4PsV0cL7RKQYu2vJ6FTSRPi8eSarFqq+1v9xqgSyMbn0536LCGX/xhnklzE90e7SgKANGjMGdrR9iQNG7B4SvBtvxX2ivqEadxHJ/Jp7nzohfte35ARjCMpmFn858aaBEZRzSIjFMCP2G5nxkIZiRze/msO5+sfVi7VqBUF4PmftJU8nafDoI7p4Qv/28EA5RCoxAAQyR8IY9Iph3idMV7VflqZNnFVyjJu1MYL1t9woTtY2wV1UtBkZTcVpa9M8rX+2rkwod65MJ5v8tJyZJm5xDHu4tROvO7g2cVeNpYg1MqS16rza7m6jWxjNCGV94Q2QLuRVLvw8xkDOgO1Z9zUinYFhPbZXm03XsLyiT/gah6VwXRjmOiPv69X+bof+t/yhbsotefLc/DNLtTTNJw6TrA4HTorgC6qknkA2K3+9kSGmCDy5ImF19hM6+Dc1VQBqh4iwlG96Kkq5fXI0Y0KSzHMLgnbTdtrpVV6yunl34yVhcYC2UT4ZlEhugV6rfZlPzt5Tl92NCAgR1MxKR3ce4RIP8iUSU4cgqP5GOZS3aYAfXyH7OH7q/mn7/EuiuGcfGItvgZbR2LSinabQM/1+6kD5W+E+OVVeKkLO/WD1vekxsAzYVyWOmtNYSb0fjh8AiyzT81pl1g0VQ6chBgc+k0ke6PonTCMEKXmjFi4mYUdYdzWLCV/WJpXhqpQ46Qx9x+j+DoXuxCMjVnZwQ8mvU0JpZf7XPi21S4nN1DUoce2+URcYmHzqUqmJXm95IO1iPJO9MO5rF9YmWZeQoCi+mDz4wRlGpfJJDi6+5vqSz0NRMAnoOqo1vT/rXG6euthq9c2wjr4lSm9q2Rqf2uXcYcvg7+3ASlgBG6RNcDyFFevwRngfhrMZ1k0xnSBuTayOGZsGsrljhtLwBvasWuX22w+pK9ekEgZiqOlErH3aigvQILznJvfM1peiYcCbUopb3omVq7YvjUIS2sUI+Oz97Z7rhKdcsjCngN9sua4XCRorWrUSWproyEgOLUuhSOUiYrF0VwsyGE3G44aSh4oQdn2iwyb6EMcbqVth11mCDWYM3HJ0+ebs2GYRwZjK0pbI6CePgJBQM/6UZd6zzZcSbtKZuh9oik29mpiG64FIJgeIrYZCfjG+zFgXvhX3jSvKGpoD3JlCGQw0TUUNOAG7lF7vDVxaOfSAj0cWQ4sRUL1+rEXKbBEvf7f/D8Q487tczDdfLPDCx8unf0tN05bcAwfByFOs5CPretbzxMPRx+Y8p3QDHQRj0lZDZzabmgOUPe+aNxT050Bna+Fa0j6KC32fKGKiRw/sUkMhdbTf/uNsBfpOokhzHBoSuf0Os+ntM78Va7vuB3AAtRZEUKt2fO9Q0jVvU8aqHqeMdF9JgLaqRu6V6Txa24ujD2nVdg7M6LcxPdNvjf1AhenEpKZt6qDWzbCKowD8aX6J5t5OmPG1QjhERIE26wyDbQO6kVUtTaEVnwLktI/a6QaMPZ6yuS/8A3vCOzH4DEIjyPVr6xaf2n5bG0tzJfTnuD1NgtNI3EthtcDyPPcNHXPZUuYzGH7GBXVeiP4dJDJNiFU7tJQB8xu4WJxADdgIYRoWwpFxGg5P3ZB6qdlNLlWtGLIgAsr3pIKcLgIw0mkrjh/iAZ/RROBunbxnGVKBAuOLqtwvqxaBFQxhYUpw8KazuwhSCfA4AGXhAs7RRb2Y8g/IMDA7cUM0EPIQ0opKDtSjfO9hddRPYNUZD5+vm8yWLrV1hiRJ4HVgPidyF8YUv+txvp7lTuATb0wyjufBU3xYiR28cWTGsYaDcl/wJqbVX7hi1jSaA3iUWCCND6I+vdYnJqQfyyDWXCqFkjMt21FJjqNQLfI9Xtg8fd9sOHXNIfaDhC9gYaThPUsN/MzMpP+BJxnbomlYJ+WtN5h5VJt6KMdF+SB4Nx7Zvautx6GxCryN3oI1qhSEv/1hG99pOeZ4xADsS5Zno0dAZoq2NCf3+F/Gr0XgtbmcPbftlrsn9EMKX88AUFaH96xcPMx/NPUbI4at5ThfY6yVRPjA3l+hgP1EZTWUc8bdy2en7riYMT3mErR/+c3DpMP8LJbf25aEPva+p2aRxwG51mh86wPUkFFbrYRK+c8hAYMzVSi3VM3VeNw+3SkSErO5aiOoEdCeR2SQfSKfFaS7hrJl5cTUntoo/QhATtph4GcoZt5N1pKQOf0N5jvrfwqIt3wSVlGRRyoNYKQLIsVBzvgEdXj1m1gP3C+k5k1o/VhPykff3f4YlAXNagqUXgeu0/7MImmYoEvh9L5FFZEylXdhoHo+acbQR3r8HYhUzo2cMPDda4b2820pG+qWfsrJ2ujclwmaL52lD/bxQFrQgE6uh5MgpTkM+U9tiS7P2a0jz/UYNblMcI8p5Uk4YnVHGxdVL3H7kzLjPQttxaAMIl+DPup1RgjHcA9hJthM5hAbclZwIz5BuJcfIlIoYAZKgihadG669H4xqhb7DOTl394iyhWhTs/w9BWg0wkqyLLmTm0ROZ+AYQe2fSCMr+FKSlvCcc+7wppdal3z+UoC/tPy2Nd0jBgrXCPL9l5Wt7P6GjpsOPHRvST6neUhNEn6HQpsiFgtlzdOJqm05P0/Dfj+BAAO3/pdoes1QwkhzXxi82ouflCM+dd8QVQ/XT3OCHCnXxvCXExtQ7SgKsBLtMNJOeaLEXPeQAnxQB58qdu/4WGEY31DKhhrc/4bT+0cM8TiihAy7kyvaU+HvJ4pMQrq73zNqHWVjEK1pAq2DydywzT3FqTrSDLY7+AjGcYANTShThdiqI/AIkKtZRidsRzsjaSsxcAHhY3X9JN8FbH4Z4THzzajDE5M5LF4kQ3vn6Fq56mAS/rd3gIDgMLWs7RNezewjIOZUhWN69GcUKcAWtRGxGy6DikQgWUTv5CvhcpXmdEnaQYiIC7PSsCKMZ0yamvr9z5zY9/ymBtByOlFXeL2KIQsvTaoojCiC7oOJO1oNr2SrDguFbhiGUzn7X64cv6uRbX910QYV/HhhUjAg6OWu278LUnk1jjOArOZKz/tamdtQ4I5xKMdUlV2kSZuR2t372fGmH6rewkAuYw4KKYDpeOHzrA9SNmE2aSPEUAyaZEHo3nP4EBp5svb3itBO1fsQR6fuuJem4gq3EDZNjtPIUzRGIvswgUJa6/h3LqiqPi5NwOyfLzE6fGotHMyPQI/H1yUa2BgSZXNeAc8naitHG5M0vV280rbfLavJlHZX+4mIBB/p5hWseTj3JRYvwRx+QRK19DtdigfpTJy8DDYcbHp9w6jZFfi7L/uXmmFYSUjypiKNhnvngaiQzNKUG9gh3Giy59Ws8mPpE7SpsA3F7/g/cCvChJ12l4TnmATvM0+bvqI4xt2V7VOPmah+5vkiMv3p4bUXTtY/HY2GX72j4dcMtj9vuea+yX3L8MKG7a+qiZ1dEx8RW8SgJa7XciFM/PTgMAosIcOYMSWT9UN11QEq5MsKyld84zSpfD/844cKTMs1gcY2A3yrfDNfsxf0ZiJ6uD66lUSOBtsli4tVy4L4ppiHyIngxUvOj0USVYtRigIvfQnUxDShvlgLNhvr2StPubdLImflnMLEXCFIxCQTxuyeg1WKdJ0cBHwKQQuMBNhIS2kHCQdwgsxwW4QWsFurIWmPdNUB/2VHfqABaNvxFzh40/3eWlNNOx2PgMxuojItsRyg+5yZ2+orVWSjuhBqnlzc/eeea5QcT4Wyntf8xO6vSph/+bLMY3lCAm+42YqgPgE257quRYfMz1TMJMKI+AlBmwDmep0s4GoKx84OunCsxfZINW9xfbEmvtRMBTCoHa3en2nzXdACNoUm1qZg8vVMgqv3Co/xblw25nTF3kgEHJutnpyo3yfHWRiWCWdbDO/NTZHtzLjfjhOBzh3IepSSZMvE7JhZM0Xy5/07HlffY7/9do+kcq0R19NiLgseXuF6s5uvTLuFtEqnBj6HCnqdV04FmFcXF5bGs41y2vakc1ukT+gEFp4rpp7J6wegWExdRJH2EDGQyDNhoCbq9QUsybQHRjaIrmLsLqfcTs7KKjKJHNn61hvzA+aGy9g8fkJEhUTvlthV5fSxcOHF75/7QobAWexXsd+qlJ296oFK7mHVG/QD0/dcR0lt06h/4VcxZiOcj6Qac84/RE54wPu2hXlBXxCqQV4rQV9+9GiGt3gUBYgw2UB7NJRzUq8v3ktbn1/Khf5UJ9SgRvVnXhxxJEHFHtLU0m+dQuDdWScUFYHFX360HlTv1OrxYXwdDmIbzBxF/vuJZZXKXTzxvHsb+CLL+LWRfeaREigcSzPeq3JX1Or+65HhU1G18lZJwqSvnJ4E7T5c6PQJ4ncNANC6OXp8G0prQSU+/wbYqoLJ7RT4xg1LKrjWruLTqvty06mWaJarDT79N1l+6R6rvkdgfwTsg1H/mw2Iy1HsWPzdaVPpHe1yeiddz/HAR5txB58x5wtS/MrzycABYmZipBnozy/hb/tPh+a00wg24SmAjkUqYRWeyjiSrE7PiWmMSeJ19wwRvm2jYqJzvGx2fmAt1mgvegAaI0LdI6NoO0cyvM+8yNXHfVUQZKbpBoBx7G+ST2Gw0/sUHVubR0cdvXjQSTXIaVL3EoHBAxlTy3adLwCR6yOPqGg4DeA8iQCN+c3gWcXqI5woUdCXFSe+KcRGtnDFiRevqlyyWnuPIHvk0E+r3kZofWJXomcmfmABgHrk63L8zwyJbrO++5ZtUe4llQp3+6JrFF3BCffBjwzOfqVyDTL50hw6wDDHLmRf5c91uvqWxIUXJqmx5y+3zsSq++KQNk9yfRglGyN1MbC0Ib2KEBH2OdEH5aggKYY8zW2WEkkWg3A09NfxX9ROTkPw8Bq96QeuYQoodZ5VmwmE0tZXvytkGTH87LUqfo3QrNckw8IOel61fWIOuCWtOIoq8BuT7MQ0SMfbVZIiFHv5uanBXnEoHoA9hGqdZG0JF+mT8NRiOo4P0A0XX2lEroOVWmEj7qEZyIstE7X/+HoaSWYZwv1HxDay220DPEnEO2jfzAV8WrIli/3NA8SCIxhidfrMHhA8x+ZzM9MCOuvCgkMNRm2K9qAfBomtKaG5aGy7pjCKtelpmgvo3J+9Lko5HzcXuoHaP/nFnqXOoPEgZnzKUXIrNZ3NqTx7X/mlFAMpg941UM+gRtA2mJm5r0q4dUizK3i+ufem8F/okRPVEyIbMDXuty3a4phvkNaSDmY5MtxP2YMKMPZWt97U01cY5SQ+S9Kcfsvbn8xLaqHidB8YfbZ/vn4dOoBqG3PeyaZEIKzvzkbWjTv53S85j0hxmx4A84UWEGUPSUuspq+dycDz6p/mR7Id3igkPBR1A5FOgdTCsAVxYBha21G0MZWU+514LcOsRM995HnBS6dqK0cawc9fb8vQ8v0gZGiOENghcGmdnVe9y527KDc4hC2pgnFGM//dPab/+K+CEqYSVSbK/D9DqMz6LySNu9qYJ3l9I8+KBf4hMCBj6MfDm3jDOcI1TjZi+Eif1qYbfpOX6ZhaHrpgqa4urVfeNQ7JI6jFd37yqORoFfwvqg9cXQw4zX+cTHNie/cKEqq0Z4f3paBx5dKvnGIoAUQKzxknUX1+Zzf9fAlLrExAP3jrOvBqX+TDpAJGidKijXYwDf1J+1nPP81+cb32oIWjexZgFDC8CdAeikGcjdiKAK1ETnJyZX3Zp+ul8kfWs5LCIJcgzxN/0x8tg4qcNI/+j2NgY436kCceiQxucFh0vTJlnD0yZrsbp4guRLx+GnHeoTSO1H/5sVl/Y+WKo3ah96Ov/L9p83hyUqcP6eCCKsqA5CVK1grBsjBxOb2xsxxwE/fhLqfEsvU5016Fxy2tWAusN1AFi9UU2ZlxCzUrgdSiPGdGyiBOEVFXmonsgtaR+E/8X0UGnr4fESVngidoRY3z7K2yb2ckxNi3Y8+pCmcy7/1168BIi+cJC1sy3dn0IbjZ+qnl/iIDD+P+w4UTmGGi91026AdfN2Klj8kVWoVgK8JEtYNCGWqVCVu54sW3ojzka28t2ZCrUVOWnIUNs2xMU0divdVzVNrNB8icFH4e7pElKum9/Ao2QULL8p/QJWi1V7Atqz9+dHgyt6+cT1Oo7dwKm3fxL1W6DVt6gHZp+3r/8VzOJaN/Tfu7xrPU9Kx4mDhRYQZQ9DgvzLkSPjD69aj6nCD3ADgNHXEPUaaXOu1/w6txBVFPVk/dx4E3iVX6EvCQPdIAB9ATvc5cWGcn3sjEOBVABAufKRhfb0G0XYnDXzX6+QM/GfDD8AP+DNGUwppLaf1/A8JQYMZUjZCjoTy70djda2NRr0Nc7pZcj/wZ3+iXTbPMk1u9mqaWKGoBBeGjY+yFVl4BNIVya9BSWGxq0frQMFpkZoxNfhiB6wCHnAAnkPQ4o01aJ5QwfR8nPgzqkdQhF+opYiyigHW+2ne8sBVv67oDgmrtJef5zEv5nFy6Gia9uJCARzc5U7NXttj0QOBancFHzDyB6cw/QmRLshTB5b4ZrWLMlIWDwNJyH8njXlXpzPEKg60u8m/yOv9yP1uKWBbNFOr735QVauH/8XWlqz+2DMIs9wdRji8cm2Q00K0TUheAwjmK+wpFA7hRt/Y/LA2N2C46GgszScw0cysSN1TfwHXwoEjrOn6g/Amsar6O8Jw+GuglXLrzAOV92AJ5EsaefcR9bRrUXmuVhU8c9ACaCacRXMgdMPnzrA9T5evgi1Um5Folo+vpYhCSlUIQuUJQlZ+/OjwZW9fMloZWx3jK/Pr3+3MWaV7A+bHvAqOEmW6T0dmwtLrbn6WLhw4vfVrD9l7e8UkUG6XychAxjxzNKdRJ52rThCHDfSBrwhfEostRrw+iAWxG1WmvEkw1eUEemFDFSVsqJutBynxRJ+W2NOZ930uHJ5DfzlAco33LH8zA7i3lGqdcRe+wsEf19/Oh2j+R2i3cz8jTmpbnjJG0TAHd0EQD2knTs506AVbfNdxTpZaGPKqaYhkY2cjdFoQq8RkiwtWMokReIyfbfYc2r6Dtw/hiftgB5TZBlI/9XsUQPYwNqSL+wuS0jvFaaJkiZeYLRwPlQXSYFT9xxSiFI6NAJ+cC98uXmsT2S2AmZPShxRK7gG3/VhwQkQVcMuj9eTnNJG3ZL3neDJaXXbo9ujT37ByTb44p4SPsGPAdVVcff7rZj7w2npb8ph7lktR3Dcgov+U2xdmJwbi/nhm+bbsxRMjXvY4jtpnHgnmnSsPRUa5bB3QFD/4m89aYZ3ztLBp0g4tPAIidplaqFVx/GeH0wx8UHFjq7IyWeCsW7TFt3k42Way5i1R1n9qOVLkx6qqe1SZOcVzMbBB/H90hZVd2e9aRwERMigeTR8NwkUzjCJ3NXxRMjpKfWsguNyZ987j0Y9SnIcZIYaohBgfdzlpmQzRxTR5lFwYUvqJDQXsS/n3/CyeCiITG5qcFecSgef5J8Sh8WjN9ZRHaYm2ue3DuDa41JptEPXbRyDREHgJ3kqMB1JVf/4ehoESA69b5tZDTVhxnalO/2EehwIOW8batR76tI3r6zKqBxQ9W/6yV0vxX9OHMbxF9MOekS3A4ywRgAie90CLn/+zZlXbfeBcYj9GsboIAAV+pcpYxARVxjGb/+7l/wkTs/wEHWexMZOFIoj3d/NkU8Z7EeNR+SNA/TOuoDhPJRDEDskH/rQ9rLEvQWn/3KY5ff5r2mTSoqb4IN3CQoQ2e45R9GU4GyjUKDdosXvy7RswO3o2Cb5vMN5IZyuLclKZwTvoefMkSOaBXupHCtGz1AVgxMgK3q9p1Y1hfVAd/4uk8WY3nXY2HYfQF1eR/g7Ut4lPTOOjCy+dp3zNxhcpaNp1fjWSDgAp2hzIW7D9JSff/C/ZC9yvGRWDwNhBNb7CZLLIWKJHJyLYIsnmcwvPsqVcqPsEJLjlwopJqNlcMHGrEGiIEJq6zATIUC3OEAo/RsQhFfMbI7TNXUClrZ6cn7UQllkqdazJI177i+kFBpbTT+bPo5EmrDRuoGUphrRL2eHWz9JbbGxU5wAnWlp1b4STc93F0gnrtLtWlTPVERzulb3moUZZk79i9PprtAc/nZtYhGSt4Epp6a5rlW9X4L4bn/pfjaNeqWrzRvLRBak03Gv2LaDvQ/sKtoDtOdAkILJLzGqQs/5c28dP0615j3I8+QPbm4KEfQDy8NzwN1G2tT4RoLzOBza4waq8uFEJvjJeOT6+UsL+zAvr9P9rWlx8VSPWyuJ54eU//d5dqCcVOjcnHrrZ3JZmKaFhv/pmpLsdC7GCKTKFD7m2F9lL0N/jyD+biAVGW01+DIDIsQAJk4T6bQcxyhLyxCUrsnA3D4xaCe+9+xVRu46+Kmq1Znm3z693NZOKhmucF6Sb0hQRdn9vTIKoUk2otL8dcuRqEOh4TWN6DbNVV/fNR7KBAQ/Tl67jBT9qybioXUzDiVGdxi9jPjoLmkpK3FO+iXaM5XTQdvJVRJMU0cOOEh1G27tpkEQVe9j1v+GmGB8D9iaYqvVEkrJsGDWOC6ZRyZlXnKC5QJ1htMiJaAgJrlr6Ti4f7eQ9Or7TEhqGsFdqscsu+sFrJAj4+HCP+t9aJBdwaikV7usJRTq3cubQ/0kwP7kW+tZFpXJKVUD2qGp7YY8SggO976icM/DjXqrr435qRZWXnCSnDvAiMUUBGqrSI5TitCkLa+XJkbyw/OHw6h/che7Zlx0ra3DJ3bXcLkTGszeXw5hlr4kVgPb9Sj7Z7pURwCkLpFmD4WMVhwR5yaje5iMpxh/uXKhoU/tETYgrlSkVRirR9EUx9gAc7AQAy6gZ70SPCr3CoB3Dus+XWYh7FjifaJ6WtGiPv4oLTWOTYq9I/VAIpygy8PxzcNZ3Mu9iWqHgUTSET92T078mbujZB5q4MCCrh4wQXNTCe3p2ZtVSA6bYF5DemWxsQpcMmM18QZ1HxuIBv4hlFACgVm3RFTEcrGcpF+u7g7aeK6ZGA3bVQj3OAh3/1uTntiImlxF4LtT4JynleYgkMSmNZ+4iF9VElLPIemJ07MdaN0xosHrT+1sp2YVi7be7iMu4ut87RV9BpSF0DZ8TT7vIHJ/RGnwo7YCsiR1kg/KvL7o02SK0huqcLXl7ofvk8JUMiiAAv/IAi7B7m+0uZwnTPEZ7DazyTXCUZcQleQZuw6h0hGcRWh/8oKLnnG8MTHXq5SwKcLSWHlSaV1Hdx7c4pf6ey1pMR8/yryILaAHGvw2wFUNctOLmDfNO4VAoMg0M5zOVNh5O5ZEtrLBNyGhTDmCz0anRqKtOeCZi8+h6AAEFHnmcum1Jv1SXdKtjX0au+rVLKNhletahyE4QYbYFqHzc+uR9GVoZ4JR7k0GVIJyljVeLo+2MP/tJh+O//29il20M0LMWrZwnV/kH0y1tZtRfLYIxRumG+H5LK3dGK/jaOEpa7ZcYK1Kx+gsBWHwrz91qXpLSlNp7MdxEL+eHGCDheUKXt41GHoqzwJEwcm+i2SAFlXQRkUF6GdSO4k2HKIRa4DV7nuZ0Y2YsQdXM2/opg1feHKNuzKLQlsBmH+IhoHz19947emclLyco0wpldedrovGeLEdpkCcoMxt4fa/oDS+rP2URuPkLHtp+8AHBCwlFME4RxLNxHyoJIYHAt6xH/nvt//yonWoEKqcRd+jYOlpJaAWltUSW0PSupmbiVcwmAIgfBoVeWM++XPklm7nFdYv1dQrhjRodOUBn3+CgOk4kyrTWlemij8U1uqvWaSvHvuD/pDAemJQ4w253Hg/4EJ1zv1VNkwegVNZPhd6dJsocWZcglXrKacbxOA4i3djRopf3fJShoAvRZSOzhkyGxQB3HG5cQOHv8lJXvp3GJ1Eq1r/+LM6UF/yHvreH4hsItifxW8pE6wT+t7z0RVlQHIVnFiXeIuvbMe53UiIDC2o+xjeRdVVFrjxOPiIHBORLizyZRvmDo8JT7ariQre337gS5q3pytapWYmbH3TptrzSMjStwEyPKia+nFJdUiVYdQLCVNw558cRqgCOv9gPb/A2aAAAiNp0ZJdKuHCUMQprHtd3i575Ja2Vnq7T6PBU9nKJbp7PgCiLFU+3gElmoLC2hB8y87MhW5os8OF89rKp+0Z1t8ci+6YqFveka27ix/ouPAtBnTRHLlgahRWxyGJsi4WqaOHTTYJj2qESXniJPf0jVKOCqf0xcg3Av5uWlQ2p/eeExla7L9oOkVScnE1n1IqIHQEFHlrMB6I7rydcXMFdpUhrvnxeHz9YzFiAiJeBTBMtqVi/68qixdkdeBGkPaKSM+vwIzGsATveJD8eJFjV0Zi96GylDxl2uAoaAnbf/kzyxV5V7faCS32w/RLiPs10R5OKapuV8I8agS2AACUgUfYPdlELRPOawjf5cycVgoFYeIxaV0Y1kl7xiQUtBhjpmq4tJAwiFKMqO8vRo+lN+l4hzZGlosehYQlVRiq5jibVeFjbFA6qJGTdXxIspbgS/cwd/dFedWcbt2yRzrKuwrmeMx9sVGM7vgjHW10RjHvdurspwlk0ZTVTZf8g0xN2qEf5zIWKFsFd32XuQ51eiOZZ+jd23bNOZQs9j2VISXDCg7i7H5AWaqiu8H+j66hbB0c4EvHSzio7Gb763c8f434ZZE0MEvBMQpAABcdWmeYAv7wOzNvYSg2ngsx6JYjK8+rtjWuqrN2pqsJ50gNexRvOh/KIBRw8cgk7f3xrV0Emg0EMzyyDqkY1fKq/iy20SXCPP0RJE1zEWN0dvXIB1ySYu0rmV2i8PJQiTeCTqB4xot83OjmGyyTjFbS6W9q1c9KeoSfHVxNXFGLxgIscLywdPWXI7e/rgsSXB9Gks0xoARYQKqsiMcw5mIuu78tULCxFyEX7QA0OBAnBMlAYX8OJEgM0oY/duaPCzdQrjRDGE3GvutYQGJm5nIdGGxTn9QWv8oALVixmC9nICulAb3WhtV5IOFPH8m8nUZnBsxp8U4OZ3swQi/9NWErcRc9AaaMQAALNHF9hP8dw+UFhRKFzW6JK+LZW9t7HYn0tUIVQR9RmcEv/FhLtwuLJIkASSI7e+fztYkjtXFznnHGwSL/XDQOnuF0+rnZKvAMGKVgCEQlhv3ODTuqwKaDGuawIq03DWPHjYC79Zn00xmb/YurESUytNs2wTxgSQc+RT9uHeG3GP4YNFdD+6+QMBiXGpekGaiL0BXDeCvHxwTnolxuzoAABrHQcoyaBgs8/5goy+U7fWTrdyZL4upj+SfEnoYFqdQtZWZPrWcVtgI07iyuCWpgLQFwLNYWro5oZ22lqrIJAY1MXb3fBfumw3AEWmEZKsJQP841jZjvCYGZFy0P0jf1CUwWNdt5wc9QMIoo5B9/auN4nrbC19Vi8axEeip8rEHzUg67S8j5wXdw0qgUHcf+f3Qyj4rSSFLODFWKHZTstdQsF5QGqZKHK/G5+E5D5qO+HixcAvRuftds3GBWeyrOSvBE3YAAByH4HwY49pQbggCKO2WPKGiOPX4AGhsy7xtQHLc5H0NEQZBTBtR4kbvySn4MTlJS2lDHrUlmp0Itgetl8/Kf1OHOR3oRe52cwu/dxW5zBo1U2L0Lh7LCSe40y71EvJDXYT0ushCbcrbiARwRWM8TWd8rKAq/S7NZ3BTld22JotOWdpDdDcoOt4m5d+zdMVHb0aj6H2H8mRidfd1HCrJrfJVSFJhUrA+Trq/9BivDPMC/6P9RP3bY+MwsMez4SMJPAypgW1ZJAoB1bxmqGlN2/RVzxbpX4mKboAFzPV066xOWBL1W3xQmEkFLVWHyl98gDkKj2iDdkGN/awjrvG2R0w2FalYwFsUAAipFXx4nunndjmodan3rp5JTkBSTTp78gsFafqDrWc2e9rnappJYIyFID+JtpSFcLpWAHWbQz0+x5yqe0FuE5NQZdMAAoce+7/edErp6ZEBOIyM1YcZ5X/Ag8ou6UnUN87GjTRQgTeZCkNk6NKlyBCiR6Okv/T3CmQ0R99pdcp7GnYd6MbIGirpbUh6RDnRp9R/ag3jDcyAAAFGiyvNgH4AcCwaywAAAAAAAAAAAAAAAAAAAAAAAAAAAAAAAAAAAAAAAAAAA=""}","'
Professor Arachchige, GPA: 3.45, Above average
Enrollment: 28, Withdraws: 2
Grade distribution: A: 28.6%, A-: 28.6%, B+: 17.9%, B: 17.9%, B-: 0.0%, C+: 3.6%, C: 0.0%, C-: 0.0%, D+: 3.6%, D: 0.0%, D-: 0.0%, F: 0.0%, 

Professor Bowen, GPA: 3.02, Above average
Enrollment: 26, Withdraws: 2
Grade distribution: A: 23.1%, A-: 26.9%, B+: 7.7%, B: 11.5%, B-: 7.7%, C+: 3.8%, C: 3.8%, C-: 0.0%, D+: 3.8%, D: 0.0%, D-: 11.5%, F: 0.0%, 

Professor Wagner, GPA: 2.88, Above average
Enrollment: 276, Withdraws: 30
Grade distribution: A: 16.7%, A-: 12.7%, B+: 15.2%, B: 17.8%, B-: 8.7%, C+: 8.3%, C: 8.7%, C-: 2.9%, D+: 2.9%, D: 1.4%, D-: 0.4%, F: 4.3%, 

Professor Eddleton, GPA: 2.8, Above average
Enrollment: 269, Withdraws: 32
Grade distribution: A: 17.8%, A-: 9.7%, B+: 13.0%, B: 13.8%, B-: 11.5%, C+: 8.6%, C: 10.4%, C-: 6.7%, D+: 1.9%, D: 1.5%, D-: 2.6%, F: 2.6%, 

Professor Wall, GPA: 2.76, Above average
Enrollment: 22, Withdraws: 6
Grade distribution: A: 9.1%, A-: 9.1%, B+: 4.5%, B: 22.7%, B-: 9.1%, C+: 36.4%, C: 4.5%, C-: 0.0%, D+: 4.5%, D: 0.0%, D-: 0.0%, F: 0.0%, 

Professor Geller, GPA: 2.64, Above average
Enrollment: 176, Withdraws: 12
Grade distribution: A: 8.5%, A-: 9.1%, B+: 9.1%, B: 21.0%, B-: 15.3%, C+: 9.1%, C: 10.2%, C-: 7.4%, D+: 4.0%, D: 2.8%, D-: 0.0%, F: 3.4%, 

Professor Neidigh, GPA: 2.58, Above average
Enrollment: 251, Withdraws: 48
Grade distribution: A: 12.0%, A-: 7.6%, B+: 12.0%, B: 11.6%, B-: 15.9%, C+: 10.4%, C: 10.4%, C-: 7.2%, D+: 4.0%, D: 2.8%, D-: 1.2%, F: 5.2%, 

Professor Orler, GPA: 2.36, Below average
Enrollment: 23, Withdraws: 4
Grade distribution: A: 13.0%, A-: 8.7%, B+: 4.3%, B: 13.0%, B-: 8.7%, C+: 13.0%, C: 13.0%, C-: 4.3%, D+: 8.7%, D: 0.0%, D-: 0.0%, F: 13.0%, 
",,,2024-06-29 14:50:50.278365
